insert into camara values (0);
insert into camara values (1);
insert into camara values (2);
insert into camara values (3);
insert into camara values (4);
insert into camara values (5);
insert into camara values (6);
insert into camara values (7);
insert into camara values (8);
insert into camara values (9);
insert into camara values (10);
insert into camara values (11);
insert into camara values (12);
insert into camara values (13);
insert into camara values (14);
insert into camara values (15);
insert into camara values (16);
insert into camara values (17);
insert into camara values (18);
insert into camara values (19);
insert into camara values (20);
insert into camara values (21);
insert into camara values (22);
insert into camara values (23);
insert into camara values (24);
insert into camara values (25);
insert into camara values (26);
insert into camara values (27);
insert into camara values (28);
insert into camara values (29);
insert into camara values (30);
insert into camara values (31);
insert into camara values (32);
insert into camara values (33);
insert into camara values (34);
insert into camara values (35);
insert into camara values (36);
insert into camara values (37);
insert into camara values (38);
insert into camara values (39);
insert into camara values (40);
insert into camara values (41);
insert into camara values (42);
insert into camara values (43);
insert into camara values (44);
insert into camara values (45);
insert into camara values (46);
insert into camara values (47);
insert into camara values (48);
insert into camara values (49);
insert into camara values (50);
insert into camara values (51);
insert into camara values (52);
insert into camara values (53);
insert into camara values (54);
insert into camara values (55);
insert into camara values (56);
insert into camara values (57);
insert into camara values (58);
insert into camara values (59);
insert into camara values (60);
insert into camara values (61);
insert into camara values (62);
insert into camara values (63);
insert into camara values (64);
insert into camara values (65);
insert into camara values (66);
insert into camara values (67);
insert into camara values (68);
insert into camara values (69);
insert into camara values (70);
insert into camara values (71);
insert into camara values (72);
insert into camara values (73);
insert into camara values (74);
insert into camara values (75);
insert into camara values (76);
insert into camara values (77);
insert into camara values (78);
insert into camara values (79);
insert into camara values (80);
insert into camara values (81);
insert into camara values (82);
insert into camara values (83);
insert into camara values (84);
insert into camara values (85);
insert into camara values (86);
insert into camara values (87);
insert into camara values (88);
insert into camara values (89);
insert into camara values (90);
insert into camara values (91);
insert into camara values (92);
insert into camara values (93);
insert into camara values (94);
insert into camara values (95);
insert into camara values (96);
insert into camara values (97);
insert into camara values (98);
insert into camara values (99);


insert into video values ('2018-09-02 21:37:43', '2018-09-02 03:11:38', 0);
insert into video values ('2018-05-17 12:08:12', '2018-05-17 15:55:48', 0);
insert into video values ('2018-09-02 14:38:25', '2018-09-02 17:18:27', 0);
insert into video values ('2018-04-22 04:39:39', '2018-04-22 07:57:04', 0);
insert into video values ('2018-11-25 16:45:13', '2018-11-25 17:33:48', 1);
insert into video values ('2018-05-13 06:28:02', '2018-05-13 17:18:10', 1);
insert into video values ('2018-09-09 21:11:24', '2018-09-09 06:58:40', 3);
insert into video values ('2018-04-04 02:24:52', '2018-04-04 06:43:39', 3);
insert into video values ('2018-06-23 18:27:15', '2018-06-23 20:51:21', 3);
insert into video values ('2018-07-25 17:25:01', '2018-07-25 02:01:42', 3);
insert into video values ('2018-05-26 20:03:47', '2018-05-27 06:47:03', 4);
insert into video values ('2018-04-29 09:22:34', '2018-04-29 12:47:44', 4);
insert into video values ('2018-08-10 21:50:36', '2018-08-11 04:50:37', 4);
insert into video values ('2018-04-15 02:18:34', '2018-04-15 12:34:35', 5);
insert into video values ('2018-01-05 03:47:51', '2018-01-05 04:23:59', 5);
insert into video values ('2018-09-06 16:51:57', '2018-09-06 22:54:06', 5);
insert into video values ('2018-09-16 16:42:19', '2018-09-16 05:16:35', 6);
insert into video values ('2018-10-19 19:22:23', '2018-10-19 22:58:21', 7);
insert into video values ('2018-07-29 16:41:41', '2018-07-29 03:26:44', 8);
insert into video values ('2018-05-03 23:43:26', '2018-05-03 10:09:42', 9);
insert into video values ('2018-06-17 16:49:13', '2018-06-17 21:25:04', 9);
insert into video values ('2018-09-14 21:39:12', '2018-09-14 03:38:19', 10);
insert into video values ('2018-04-09 03:54:06', '2018-04-09 07:03:11', 10);
insert into video values ('2018-03-01 20:04:21', '2018-03-01 05:30:44', 10);
insert into video values ('2018-02-06 09:35:42', '2018-02-06 12:23:09', 10);
insert into video values ('2018-04-20 03:36:29', '2018-04-20 13:15:37', 12);
insert into video values ('2018-01-31 22:25:52', '2018-01-31 06:38:11', 14);
insert into video values ('2018-01-26 02:37:06', '2018-01-26 04:54:11', 15);
insert into video values ('2018-06-10 02:45:48', '2018-06-10 11:21:17', 15);
insert into video values ('2018-04-23 05:46:25', '2018-04-23 07:07:55', 15);
insert into video values ('2018-04-02 13:51:25', '2018-04-03 02:45:35', 16);
insert into video values ('2018-09-14 18:15:26', '2018-09-15 01:54:05', 16);
insert into video values ('2018-05-02 13:34:32', '2018-05-02 16:21:17', 16);
insert into video values ('2018-08-10 19:21:05', '2018-08-10 02:36:57', 16);
insert into video values ('2018-01-09 03:47:35', '2018-01-09 04:19:40', 17);
insert into video values ('2018-04-08 19:35:48', '2018-04-08 21:31:29', 17);
insert into video values ('2018-09-10 08:44:46', '2018-09-10 17:17:56', 17);
insert into video values ('2018-08-10 07:39:41', '2018-08-10 09:47:29', 17);
insert into video values ('2018-01-26 04:09:13', '2018-01-26 05:06:39', 18);
insert into video values ('2018-02-10 16:58:34', '2018-02-10 03:28:50', 18);
insert into video values ('2018-06-27 12:46:37', '2018-06-27 20:51:31', 19);
insert into video values ('2018-02-14 17:45:57', '2018-02-14 19:44:39', 19);
insert into video values ('2018-07-21 03:37:22', '2018-07-21 06:16:29', 19);
insert into video values ('2018-10-11 07:14:55', '2018-10-11 11:48:41', 19);
insert into video values ('2018-02-09 02:54:07', '2018-02-09 03:37:16', 21);
insert into video values ('2018-04-02 12:13:01', '2018-04-02 17:29:58', 21);
insert into video values ('2018-04-01 05:51:38', '2018-04-01 16:11:38', 21);
insert into video values ('2018-05-02 18:14:55', '2018-05-02 23:06:09', 21);
insert into video values ('2018-05-09 15:02:46', '2018-05-09 18:09:58', 22);
insert into video values ('2018-06-20 01:33:43', '2018-06-20 04:39:24', 24);
insert into video values ('2018-06-17 22:47:29', '2018-06-18 02:03:42', 24);
insert into video values ('2018-06-21 03:19:18', '2018-06-21 09:50:08', 24);
insert into video values ('2018-02-02 03:16:54', '2018-02-02 12:43:52', 24);
insert into video values ('2018-07-23 09:49:25', '2018-07-23 10:06:57', 25);
insert into video values ('2018-01-05 09:35:21', '2018-01-05 09:22:54', 26);
insert into video values ('2018-05-12 13:37:31', '2018-05-12 14:37:41', 26);
insert into video values ('2018-06-18 21:21:08', '2018-06-18 01:52:42', 26);
insert into video values ('2018-05-23 20:38:51', '2018-05-23 21:08:56', 28);
insert into video values ('2018-09-20 08:15:03', '2018-09-20 08:07:44', 28);
insert into video values ('2018-02-20 21:43:42', '2018-02-21 02:37:01', 28);
insert into video values ('2018-09-09 22:19:58', '2018-09-09 07:16:39', 29);
insert into video values ('2018-01-19 05:43:52', '2018-01-19 08:14:47', 31);
insert into video values ('2018-01-09 05:38:29', '2018-01-09 08:39:18', 31);
insert into video values ('2018-03-23 18:24:25', '2018-03-24 05:55:40', 32);
insert into video values ('2018-04-07 01:16:18', '2018-04-07 01:41:37', 33);
insert into video values ('2018-02-04 19:44:55', '2018-02-04 07:57:54', 33);
insert into video values ('2018-01-23 20:19:26', '2018-01-23 20:14:39', 35);
insert into video values ('2018-05-27 20:21:55', '2018-05-28 08:48:29', 36);
insert into video values ('2018-01-19 09:41:52', '2018-01-19 15:05:46', 36);
insert into video values ('2018-03-27 18:05:17', '2018-03-27 01:48:18', 36);
insert into video values ('2018-03-23 14:18:40', '2018-03-23 16:17:16', 36);
insert into video values ('2018-07-14 21:49:16', '2018-07-14 07:46:22', 37);
insert into video values ('2018-06-10 12:33:13', '2018-06-10 23:08:10', 38);
insert into video values ('2018-03-17 03:47:34', '2018-03-17 13:57:41', 38);
insert into video values ('2018-10-04 19:42:34', '2018-10-04 06:17:25', 39);
insert into video values ('2018-04-04 22:34:08', '2018-04-04 07:43:39', 39);
insert into video values ('2018-10-01 11:49:10', '2018-10-01 22:08:48', 40);
insert into video values ('2018-06-07 10:19:36', '2018-06-07 19:42:16', 40);
insert into video values ('2018-04-04 10:38:30', '2018-04-04 18:16:14', 40);
insert into video values ('2018-04-01 01:10:26', '2018-04-01 12:23:47', 40);
insert into video values ('2018-09-22 15:02:21', '2018-09-22 01:09:54', 41);
insert into video values ('2018-03-28 16:13:21', '2018-03-28 16:26:58', 42);
insert into video values ('2018-10-14 10:05:03', '2018-10-14 22:09:34', 42);
insert into video values ('2018-01-11 21:55:45', '2018-01-11 04:42:40', 42);
insert into video values ('2018-08-23 17:55:22', '2018-08-23 05:11:23', 43);
insert into video values ('2018-04-07 05:57:06', '2018-04-07 13:26:22', 43);
insert into video values ('2018-09-20 08:21:38', '2018-09-20 15:02:31', 45);
insert into video values ('2018-05-17 20:48:42', '2018-05-17 06:42:18', 45);
insert into video values ('2018-05-15 07:38:42', '2018-05-15 08:52:42', 46);
insert into video values ('2018-05-17 15:51:45', '2018-05-17 22:26:30', 46);
insert into video values ('2018-02-11 14:36:21', '2018-02-11 22:48:56', 49);
insert into video values ('2018-08-16 11:10:32', '2018-08-16 16:41:55', 49);
insert into video values ('2018-10-09 04:12:21', '2018-10-09 13:04:28', 50);
insert into video values ('2018-04-08 01:30:45', '2018-04-08 12:36:24', 50);
insert into video values ('2018-10-20 05:24:20', '2018-10-20 08:37:43', 50);
insert into video values ('2018-10-10 05:55:13', '2018-10-10 10:18:42', 50);
insert into video values ('2018-07-30 05:32:09', '2018-07-30 15:09:05', 51);
insert into video values ('2018-09-01 01:47:05', '2018-09-01 03:09:51', 51);
insert into video values ('2018-06-01 07:19:14', '2018-06-01 18:14:36', 51);
insert into video values ('2018-11-23 13:05:17', '2018-11-23 23:03:29', 52);
insert into video values ('2018-08-05 15:26:29', '2018-08-05 16:11:05', 53);
insert into video values ('2018-07-06 19:56:35', '2018-07-07 05:25:38', 53);
insert into video values ('2018-03-06 21:32:31', '2018-03-06 06:25:48', 54);
insert into video values ('2018-09-14 22:39:33', '2018-09-14 07:21:45', 54);
insert into video values ('2018-04-11 08:01:01', '2018-04-11 14:57:25', 54);
insert into video values ('2018-06-08 06:34:26', '2018-06-08 16:05:05', 55);
insert into video values ('2018-10-01 03:58:24', '2018-10-01 06:08:22', 55);
insert into video values ('2018-01-31 08:16:01', '2018-01-31 10:44:58', 55);
insert into video values ('2018-11-08 23:54:59', '2018-11-09 01:13:49', 55);
insert into video values ('2018-04-21 01:55:27', '2018-04-21 01:12:38', 58);
insert into video values ('2018-10-04 10:50:20', '2018-10-04 17:21:47', 58);
insert into video values ('2018-04-04 16:28:11', '2018-04-04 18:29:01', 58);
insert into video values ('2018-11-22 04:17:24', '2018-11-22 08:36:26', 58);
insert into video values ('2018-02-22 20:03:53', '2018-02-22 23:38:32', 59);
insert into video values ('2018-02-26 14:02:25', '2018-02-26 19:05:49', 59);
insert into video values ('2018-09-17 19:08:53', '2018-09-17 06:32:56', 59);
insert into video values ('2018-03-24 02:52:25', '2018-03-24 07:05:30', 60);
insert into video values ('2018-04-18 18:42:56', '2018-04-18 19:26:55', 61);
insert into video values ('2018-11-27 01:13:22', '2018-11-27 09:21:42', 61);
insert into video values ('2018-09-18 14:57:20', '2018-09-18 23:24:47', 61);
insert into video values ('2018-06-25 03:01:56', '2018-06-25 08:32:13', 61);
insert into video values ('2018-02-11 20:54:58', '2018-02-12 03:15:52', 62);
insert into video values ('2018-09-19 03:24:09', '2018-09-19 11:16:35', 63);
insert into video values ('2018-08-06 06:57:15', '2018-08-06 15:15:20', 63);
insert into video values ('2018-05-13 18:53:08', '2018-05-14 01:08:39', 63);
insert into video values ('2018-05-10 20:57:34', '2018-05-10 04:52:54', 64);
insert into video values ('2018-07-17 12:13:06', '2018-07-17 16:05:08', 65);
insert into video values ('2018-01-20 05:47:56', '2018-01-20 07:31:54', 65);
insert into video values ('2018-01-18 01:09:31', '2018-01-18 04:30:18', 66);
insert into video values ('2018-03-27 08:57:18', '2018-03-27 20:42:46', 67);
insert into video values ('2018-06-08 02:09:31', '2018-06-08 09:55:25', 67);
insert into video values ('2018-01-22 01:04:03', '2018-01-22 09:55:24', 68);
insert into video values ('2018-06-10 02:08:58', '2018-06-10 04:12:37', 69);
insert into video values ('2018-09-21 18:21:29', '2018-09-22 01:30:55', 69);
insert into video values ('2018-03-22 23:04:31', '2018-03-22 08:47:35', 71);
insert into video values ('2018-05-13 19:30:21', '2018-05-14 05:40:41', 71);
insert into video values ('2018-02-19 02:18:44', '2018-02-19 10:08:09', 72);
insert into video values ('2018-01-23 11:15:25', '2018-01-23 12:09:12', 72);
insert into video values ('2018-07-18 04:15:04', '2018-07-18 13:26:01', 73);
insert into video values ('2018-07-29 02:04:18', '2018-07-29 05:10:53', 73);
insert into video values ('2018-06-11 12:42:13', '2018-06-11 22:08:08', 74);
insert into video values ('2018-10-14 18:56:48', '2018-10-14 22:01:38', 74);
insert into video values ('2018-08-26 01:54:16', '2018-08-26 09:41:38', 74);
insert into video values ('2018-10-21 02:11:03', '2018-10-21 11:12:56', 74);
insert into video values ('2018-06-12 22:41:54', '2018-06-13 03:03:58', 75);
insert into video values ('2018-05-05 11:49:01', '2018-05-05 15:06:41', 75);
insert into video values ('2018-05-29 18:18:28', '2018-05-29 19:34:02', 76);
insert into video values ('2018-01-02 09:42:12', '2018-01-02 15:02:44', 77);
insert into video values ('2018-05-08 13:13:03', '2018-05-08 19:09:12', 78);
insert into video values ('2018-11-25 02:08:38', '2018-11-25 06:06:03', 78);
insert into video values ('2018-09-29 23:56:58', '2018-09-29 08:03:19', 78);
insert into video values ('2018-02-03 06:53:25', '2018-02-03 06:02:56', 80);
insert into video values ('2018-04-02 01:11:30', '2018-04-02 05:09:09', 81);
insert into video values ('2018-02-17 15:19:13', '2018-02-17 23:25:29', 82);
insert into video values ('2018-04-30 02:52:16', '2018-04-30 14:03:44', 82);
insert into video values ('2018-08-17 21:31:41', '2018-08-17 04:11:26', 82);
insert into video values ('2018-01-26 04:15:24', '2018-01-26 05:54:21', 83);
insert into video values ('2018-05-06 21:26:58', '2018-05-07 08:42:52', 83);
insert into video values ('2018-09-22 08:05:27', '2018-09-22 16:07:22', 83);
insert into video values ('2018-08-27 02:08:01', '2018-08-27 05:44:33', 83);
insert into video values ('2018-03-01 23:51:36', '2018-03-01 04:39:48', 84);
insert into video values ('2018-06-24 13:09:05', '2018-06-24 20:34:55', 84);
insert into video values ('2018-04-09 04:34:48', '2018-04-09 06:11:38', 86);
insert into video values ('2018-11-16 18:19:08', '2018-11-16 19:48:41', 86);
insert into video values ('2018-03-11 21:13:51', '2018-03-12 04:26:18', 86);
insert into video values ('2018-02-08 23:36:50', '2018-02-08 06:03:44', 86);
insert into video values ('2018-09-30 16:55:48', '2018-09-30 22:12:12', 87);
insert into video values ('2018-05-31 20:36:34', '2018-05-31 23:12:33', 89);
insert into video values ('2018-05-17 01:57:12', '2018-05-17 10:13:50', 89);
insert into video values ('2018-07-28 03:08:42', '2018-07-28 05:57:01', 89);
insert into video values ('2018-11-26 09:49:02', '2018-11-26 16:15:21', 90);
insert into video values ('2018-03-20 06:06:06', '2018-03-20 08:38:19', 90);
insert into video values ('2018-07-25 01:08:28', '2018-07-25 08:43:57', 90);
insert into video values ('2018-09-18 11:24:22', '2018-09-18 12:58:57', 90);
insert into video values ('2018-11-28 06:25:12', '2018-11-28 16:38:18', 91);
insert into video values ('2018-01-09 06:51:14', '2018-01-09 09:47:03', 91);
insert into video values ('2018-03-22 13:21:26', '2018-03-22 14:49:55', 91);
insert into video values ('2018-10-06 14:14:01', '2018-10-06 17:40:39', 92);
insert into video values ('2018-06-16 07:47:42', '2018-06-16 09:35:56', 92);
insert into video values ('2018-02-15 14:57:49', '2018-02-15 15:05:46', 93);
insert into video values ('2018-01-23 02:45:46', '2018-01-23 06:10:42', 94);
insert into video values ('2018-07-14 23:39:08', '2018-07-14 02:42:39', 95);
insert into video values ('2018-11-09 02:16:31', '2018-11-09 14:04:39', 96);
insert into video values ('2018-08-09 22:40:34', '2018-08-10 02:42:08', 96);
insert into video values ('2018-05-18 12:36:40', '2018-05-18 12:39:02', 97);
insert into video values ('2018-09-22 20:25:14', '2018-09-23 06:25:21', 97);


insert into segmentoVideo values (0, '05:33:54', '2018-09-02 21:37:43',0);
insert into segmentoVideo values (0, '03:48:36', '2018-05-17 12:08:12',0);
insert into segmentoVideo values (0, '04:40:02', '2018-09-02 14:38:25',0);
insert into segmentoVideo values (0, '03:17:25', '2018-04-22 04:39:39',0);
insert into segmentoVideo values (0, '02:48:34', '2018-11-25 16:45:13',1);
insert into segmentoVideo values (0, '11:49:09', '2018-05-13 06:28:02',1);
insert into segmentoVideo values (0, '08:48:17', '2018-09-09 21:11:24',3);
insert into segmentoVideo values (0, '05:19:46', '2018-04-04 02:24:52',3);
insert into segmentoVideo values (0, '03:25:06', '2018-06-23 18:27:15',3);
insert into segmentoVideo values (0, '08:35:41', '2018-07-25 17:25:01',3);
insert into segmentoVideo values (0, '09:44:16', '2018-05-26 20:03:47',4);
insert into segmentoVideo values (0, '03:25:11', '2018-04-29 09:22:34',4);
insert into segmentoVideo values (0, '07:01:01', '2018-08-10 21:50:36',4);
insert into segmentoVideo values (0, '10:16:01', '2018-04-15 02:18:34',5);
insert into segmentoVideo values (0, '02:36:08', '2018-01-05 03:47:51',5);
insert into segmentoVideo values (0, '06:03:09', '2018-09-06 16:51:57',5);
insert into segmentoVideo values (0, '12:34:16', '2018-09-16 16:42:19',6);
insert into segmentoVideo values (0, '04:36:57', '2018-10-19 19:22:23',7);
insert into segmentoVideo values (0, '11:45:03', '2018-07-29 16:41:41',8);
insert into segmentoVideo values (0, '10:26:15', '2018-05-03 23:43:26',9);
insert into segmentoVideo values (0, '05:35:50', '2018-06-17 16:49:13',9);
insert into segmentoVideo values (0, '05:58:08', '2018-09-14 21:39:12',10);
insert into segmentoVideo values (0, '05:09:05', '2018-04-09 03:54:06',10);
insert into segmentoVideo values (0, '09:26:24', '2018-03-01 20:04:21',10);
insert into segmentoVideo values (0, '04:47:25', '2018-02-06 09:35:42',10);
insert into segmentoVideo values (0, '10:38:08', '2018-04-20 03:36:29',12);
insert into segmentoVideo values (0, '07:13:18', '2018-01-31 22:25:52',14);
insert into segmentoVideo values (0, '03:17:06', '2018-01-26 02:37:06',15);
insert into segmentoVideo values (0, '09:35:29', '2018-06-10 02:45:48',15);
insert into segmentoVideo values (0, '02:21:31', '2018-04-23 05:46:25',15);
insert into segmentoVideo values (0, '12:54:10', '2018-04-02 13:51:25',16);
insert into segmentoVideo values (0, '07:39:38', '2018-09-14 18:15:26',16);
insert into segmentoVideo values (0, '03:47:44', '2018-05-02 13:34:32',16);
insert into segmentoVideo values (0, '06:16:52', '2018-08-10 19:21:05',16);
insert into segmentoVideo values (0, '02:32:05', '2018-01-09 03:47:35',17);
insert into segmentoVideo values (0, '03:55:41', '2018-04-08 19:35:48',17);
insert into segmentoVideo values (0, '10:32:11', '2018-09-10 08:44:46',17);
insert into segmentoVideo values (0, '03:07:48', '2018-08-10 07:39:41',17);
insert into segmentoVideo values (0, '01:57:26', '2018-01-26 04:09:13',18);
insert into segmentoVideo values (0, '10:29:16', '2018-02-10 16:58:34',18);
insert into segmentoVideo values (0, '09:05:53', '2018-06-27 12:46:37',19);
insert into segmentoVideo values (0, '03:58:41', '2018-02-14 17:45:57',19);
insert into segmentoVideo values (0, '02:38:08', '2018-07-21 03:37:22',19);
insert into segmentoVideo values (0, '04:34:45', '2018-10-11 07:14:55',19);
insert into segmentoVideo values (0, '01:43:10', '2018-02-09 02:54:07',21);
insert into segmentoVideo values (0, '05:17:58', '2018-04-02 12:13:01',21);
insert into segmentoVideo values (0, '12:19:01', '2018-04-01 05:51:38',21);
insert into segmentoVideo values (0, '05:51:13', '2018-05-02 18:14:55',21);
insert into segmentoVideo values (0, '03:08:12', '2018-05-09 15:02:46',22);
insert into segmentoVideo values (0, '03:06:40', '2018-06-20 01:33:43',24);
insert into segmentoVideo values (0, '03:16:13', '2018-06-17 22:47:29',24);
insert into segmentoVideo values (0, '07:31:49', '2018-06-21 03:19:18',24);
insert into segmentoVideo values (0, '09:26:58', '2018-02-02 03:16:54',24);
insert into segmentoVideo values (0, '01:16:32', '2018-07-23 09:49:25',25);
insert into segmentoVideo values (0, '01:46:34', '2018-01-05 09:35:21',26);
insert into segmentoVideo values (0, '01:01:10', '2018-05-12 13:37:31',26);
insert into segmentoVideo values (0, '03:32:34', '2018-06-18 21:21:08',26);
insert into segmentoVideo values (0, '01:29:06', '2018-05-23 20:38:51',28);
insert into segmentoVideo values (0, '01:52:41', '2018-09-20 08:15:03',28);
insert into segmentoVideo values (0, '04:53:18', '2018-02-20 21:43:42',28);
insert into segmentoVideo values (0, '09:55:41', '2018-09-09 22:19:58',29);
insert into segmentoVideo values (0, '03:30:54', '2018-01-19 05:43:52',31);
insert into segmentoVideo values (0, '03:02:48', '2018-01-09 05:38:29',31);
insert into segmentoVideo values (0, '11:32:16', '2018-03-23 18:24:25',32);
insert into segmentoVideo values (0, '01:25:19', '2018-04-07 01:16:18',33);
insert into segmentoVideo values (0, '11:13:57', '2018-02-04 19:44:55',33);
insert into segmentoVideo values (0, '01:55:13', '2018-01-23 20:19:26',35);
insert into segmentoVideo values (0, '12:28:33', '2018-05-27 20:21:55',36);
insert into segmentoVideo values (0, '07:24:53', '2018-01-19 09:41:52',36);
insert into segmentoVideo values (0, '07:44:01', '2018-03-27 18:05:17',36);
insert into segmentoVideo values (0, '03:58:36', '2018-03-23 14:18:40',36);
insert into segmentoVideo values (0, '10:56:06', '2018-07-14 21:49:16',37);
insert into segmentoVideo values (0, '11:34:55', '2018-06-10 12:33:13',38);
insert into segmentoVideo values (0, '10:10:06', '2018-03-17 03:47:34',38);
insert into segmentoVideo values (0, '10:34:50', '2018-10-04 19:42:34',39);
insert into segmentoVideo values (0, '08:09:31', '2018-04-04 22:34:08',39);
insert into segmentoVideo values (0, '11:18:38', '2018-10-01 11:49:10',40);
insert into segmentoVideo values (0, '10:24:39', '2018-06-07 10:19:36',40);
insert into segmentoVideo values (0, '08:37:43', '2018-04-04 10:38:30',40);
insert into segmentoVideo values (0, '11:13:21', '2018-04-01 01:10:26',40);
insert into segmentoVideo values (0, '09:08:33', '2018-09-22 15:02:21',41);
insert into segmentoVideo values (0, '01:13:36', '2018-03-28 16:13:21',42);
insert into segmentoVideo values (0, '12:04:31', '2018-10-14 10:05:03',42);
insert into segmentoVideo values (0, '07:46:55', '2018-01-11 21:55:45',42);
insert into segmentoVideo values (0, '11:15:01', '2018-08-23 17:55:22',43);
insert into segmentoVideo values (0, '09:29:16', '2018-04-07 05:57:06',43);
insert into segmentoVideo values (0, '08:40:52', '2018-09-20 08:21:38',45);
insert into segmentoVideo values (0, '09:53:35', '2018-05-17 20:48:42',45);
insert into segmentoVideo values (0, '01:14:59', '2018-05-15 07:38:42',46);
insert into segmentoVideo values (0, '08:34:44', '2018-05-17 15:51:45',46);
insert into segmentoVideo values (0, '09:12:35', '2018-02-11 14:36:21',49);
insert into segmentoVideo values (0, '06:31:24', '2018-08-16 11:10:32',49);
insert into segmentoVideo values (0, '10:52:07', '2018-10-09 04:12:21',50);
insert into segmentoVideo values (0, '12:06:38', '2018-04-08 01:30:45',50);
insert into segmentoVideo values (0, '03:14:23', '2018-10-20 05:24:20',50);
insert into segmentoVideo values (0, '05:22:29', '2018-10-10 05:55:13',50);
insert into segmentoVideo values (0, '10:36:55', '2018-07-30 05:32:09',51);
insert into segmentoVideo values (0, '03:22:46', '2018-09-01 01:47:05',51);
insert into segmentoVideo values (0, '11:55:22', '2018-06-01 07:19:14',51);
insert into segmentoVideo values (0, '10:58:12', '2018-11-23 13:05:17',52);
insert into segmentoVideo values (0, '01:44:34', '2018-08-05 15:26:29',53);
insert into segmentoVideo values (0, '09:28:04', '2018-07-06 19:56:35',53);
insert into segmentoVideo values (0, '09:52:17', '2018-03-06 21:32:31',54);
insert into segmentoVideo values (0, '09:41:12', '2018-09-14 22:39:33',54);
insert into segmentoVideo values (0, '06:57:24', '2018-04-11 08:01:01',54);
insert into segmentoVideo values (0, '11:29:38', '2018-06-08 06:34:26',55);
insert into segmentoVideo values (0, '03:08:58', '2018-10-01 03:58:24',55);
insert into segmentoVideo values (0, '03:28:57', '2018-01-31 08:16:01',55);
insert into segmentoVideo values (0, '02:18:50', '2018-11-08 23:54:59',55);
insert into segmentoVideo values (0, '01:16:11', '2018-04-21 01:55:27',58);
insert into segmentoVideo values (0, '07:30:26', '2018-10-04 10:50:20',58);
insert into segmentoVideo values (0, '02:02:49', '2018-04-04 16:28:11',58);
insert into segmentoVideo values (0, '04:20:02', '2018-11-22 04:17:24',58);
insert into segmentoVideo values (0, '03:35:39', '2018-02-22 20:03:53',59);
insert into segmentoVideo values (0, '05:04:25', '2018-02-26 14:02:25',59);
insert into segmentoVideo values (0, '10:24:03', '2018-09-17 19:08:53',59);
insert into segmentoVideo values (0, '05:12:05', '2018-03-24 02:52:25',60);
insert into segmentoVideo values (0, '01:43:58', '2018-04-18 18:42:56',61);
insert into segmentoVideo values (0, '08:09:21', '2018-11-27 01:13:22',61);
insert into segmentoVideo values (0, '10:26:27', '2018-09-18 14:57:20',61);
insert into segmentoVideo values (0, '06:32:16', '2018-06-25 03:01:56',61);
insert into segmentoVideo values (0, '07:20:52', '2018-02-11 20:54:58',62);
insert into segmentoVideo values (0, '09:52:26', '2018-09-19 03:24:09',63);
insert into segmentoVideo values (0, '09:17:06', '2018-08-06 06:57:15',63);
insert into segmentoVideo values (0, '06:14:32', '2018-05-13 18:53:08',63);
insert into segmentoVideo values (0, '07:55:21', '2018-05-10 20:57:34',64);
insert into segmentoVideo values (0, '05:51:02', '2018-07-17 12:13:06',65);
insert into segmentoVideo values (0, '03:43:57', '2018-01-20 05:47:56',65);
insert into segmentoVideo values (0, '04:21:46', '2018-01-18 01:09:31',66);
insert into segmentoVideo values (0, '12:45:28', '2018-03-27 08:57:18',67);
insert into segmentoVideo values (0, '07:47:54', '2018-06-08 02:09:31',67);
insert into segmentoVideo values (0, '08:51:20', '2018-01-22 01:04:03',68);
insert into segmentoVideo values (0, '02:04:38', '2018-06-10 02:08:58',69);
insert into segmentoVideo values (0, '06:09:26', '2018-09-21 18:21:29',69);
insert into segmentoVideo values (0, '08:44:05', '2018-03-22 23:04:31',71);
insert into segmentoVideo values (0, '09:11:21', '2018-05-13 19:30:21',71);
insert into segmentoVideo values (0, '09:49:25', '2018-02-19 02:18:44',72);
insert into segmentoVideo values (0, '01:52:46', '2018-01-23 11:15:25',72);
insert into segmentoVideo values (0, '09:11:55', '2018-07-18 04:15:04',73);
insert into segmentoVideo values (0, '04:06:36', '2018-07-29 02:04:18',73);
insert into segmentoVideo values (0, '10:24:54', '2018-06-11 12:42:13',74);
insert into segmentoVideo values (0, '04:04:49', '2018-10-14 18:56:48',74);
insert into segmentoVideo values (0, '08:47:21', '2018-08-26 01:54:16',74);
insert into segmentoVideo values (0, '09:01:53', '2018-10-21 02:11:03',74);
insert into segmentoVideo values (0, '05:21:03', '2018-06-12 22:41:54',75);
insert into segmentoVideo values (0, '04:16:39', '2018-05-05 11:49:01',75);
insert into segmentoVideo values (0, '02:16:34', '2018-05-29 18:18:28',76);
insert into segmentoVideo values (0, '06:19:32', '2018-01-02 09:42:12',77);
insert into segmentoVideo values (0, '07:55:09', '2018-05-08 13:13:03',78);
insert into segmentoVideo values (0, '04:58:24', '2018-11-25 02:08:38',78);
insert into segmentoVideo values (0, '09:06:21', '2018-09-29 23:56:58',78);
insert into segmentoVideo values (0, '01:09:31', '2018-02-03 06:53:25',80);
insert into segmentoVideo values (0, '04:57:38', '2018-04-02 01:11:30',81);
insert into segmentoVideo values (0, '09:07:15', '2018-02-17 15:19:13',82);
insert into segmentoVideo values (0, '12:11:28', '2018-04-30 02:52:16',82);
insert into segmentoVideo values (0, '06:39:45', '2018-08-17 21:31:41',82);
insert into segmentoVideo values (0, '01:39:56', '2018-01-26 04:15:24',83);
insert into segmentoVideo values (0, '11:16:52', '2018-05-06 21:26:58',83);
insert into segmentoVideo values (0, '08:02:54', '2018-09-22 08:05:27',83);
insert into segmentoVideo values (0, '03:36:33', '2018-08-27 02:08:01',83);
insert into segmentoVideo values (0, '05:47:13', '2018-03-01 23:51:36',84);
insert into segmentoVideo values (0, '07:25:49', '2018-06-24 13:09:05',84);
insert into segmentoVideo values (0, '02:36:49', '2018-04-09 04:34:48',86);
insert into segmentoVideo values (0, '01:29:34', '2018-11-16 18:19:08',86);
insert into segmentoVideo values (0, '06:13:26', '2018-03-11 21:13:51',86);
insert into segmentoVideo values (0, '06:26:52', '2018-02-08 23:36:50',86);
insert into segmentoVideo values (0, '06:16:23', '2018-09-30 16:55:48',87);
insert into segmentoVideo values (0, '03:35:58', '2018-05-31 20:36:34',89);
insert into segmentoVideo values (0, '09:15:38', '2018-05-17 01:57:12',89);
insert into segmentoVideo values (0, '03:49:18', '2018-07-28 03:08:42',89);
insert into segmentoVideo values (0, '08:25:19', '2018-11-26 09:49:02',90);
insert into segmentoVideo values (0, '02:32:12', '2018-03-20 06:06:06',90);
insert into segmentoVideo values (0, '08:36:29', '2018-07-25 01:08:28',90);
insert into segmentoVideo values (0, '02:35:35', '2018-09-18 11:24:22',90);
insert into segmentoVideo values (0, '10:13:06', '2018-11-28 06:25:12',91);
insert into segmentoVideo values (0, '03:55:49', '2018-01-09 06:51:14',91);
insert into segmentoVideo values (0, '01:28:29', '2018-03-22 13:21:26',91);
insert into segmentoVideo values (0, '04:26:38', '2018-10-06 14:14:01',92);
insert into segmentoVideo values (0, '02:47:14', '2018-06-16 07:47:42',92);
insert into segmentoVideo values (0, '01:06:56', '2018-02-15 14:57:49',93);
insert into segmentoVideo values (0, '03:24:56', '2018-01-23 02:45:46',94);
insert into segmentoVideo values (0, '02:03:31', '2018-07-14 23:39:08',95);
insert into segmentoVideo values (0, '12:47:09', '2018-11-09 02:16:31',96);
insert into segmentoVideo values (0, '03:02:33', '2018-08-09 22:40:34',96);
insert into segmentoVideo values (0, '01:03:22', '2018-05-18 12:36:40',97);
insert into segmentoVideo values (0, '09:01:06', '2018-09-22 20:25:14',97);


insert into local values ('Mourilhe (Povoa de Varzim)');
insert into local values ('Mandim');
insert into local values ('Alcorriol');
insert into local values ('Oliveira do Hospital');
insert into local values ('Ordem (Povoa de Varzim)');
insert into local values ('Lousadelo');
insert into local values ('Baldoiaa)');
insert into local values ('Amoreira Fundeira');
insert into local values ('Funchalinho');
insert into local values ('Machuqueiras');
insert into local values ('Melecas');
insert into local values ('Castro de Nossa Senhora da Confianca');
insert into local values ('Crasto (Povoa de Varzim)');
insert into local values ('Amoreirinha');
insert into local values ('Matas do Lourical');
insert into local values ('Fontainhas (Amorim)');
insert into local values ('Mamua');
insert into local values ('Antoes');
insert into local values ('Amoreira Cimeira');
insert into local values ('Algueirao');
insert into local values ('Monchique');
insert into local values ('Cavadas');
insert into local values ('Caminho Largo');
insert into local values ('Esperanca (Ourem)');
insert into local values ('Maria Vinagre');
insert into local values ('Aguas Ferreas (Povoa de Varzim)');
insert into local values ('Casais das Comeiras');
insert into local values ('Maxieira');
insert into local values ('Calves');
insert into local values ('Fujaco');
insert into local values ('Laundos (Povoa de Varzim)');
insert into local values ('Cavaditas');
insert into local values ('Moimento (Fatima)');
insert into local values ('Lourel');
insert into local values ('Moita Redonda');
insert into local values ('Estanganhola');
insert into local values ('Muleneta');
insert into local values ('Gesta (Freguesia de Oia)');
insert into local values ('Lugar da Foz');
insert into local values ('Aldeia Grande');
insert into local values ('Abadia de Bouro');
insert into local values ('Casal Mouro');
insert into local values ('Balancho');
insert into local values ('Gozundeira');
insert into local values ('Borda do Rio');
insert into local values ('Fontainha');
insert into local values ('Casas Brancas');
insert into local values ('Caturela');
insert into local values ('Miratejo');
insert into local values ('Casalinho');
insert into local values ('Covilha (Povoa de Varzim)');
insert into local values ('Bairro de Almodena');
insert into local values ('Aldeia (Amorim)');
insert into local values ('Amoreira (Fatima)');
insert into local values ('Foz da Serta');
insert into local values ('Bouca');
insert into local values ('Ancos (Montelavar)');
insert into local values ('Matos da Vila');
insert into local values ('Enxaminhos');
insert into local values ('Areosa (Agucadoura)');
insert into local values ('Aldeia (Agucadoura)');
insert into local values ('Burgada');
insert into local values ('Cova da Iria');
insert into local values ('Cruz (Povoa de Varzim)');
insert into local values ('Amorim de Cima');
insert into local values ('Mercês (Rio de Mouro)');
insert into local values ('Azedia');
insert into local values ('Malveira da Serra');
insert into local values ('Cabeda');
insert into local values ('Moita do Boi');
insert into local values ('Granja de Alpriate');
insert into local values ('Assequins');
insert into local values ('Fomega');
insert into local values ('Gestrins');
insert into local values ('Cruz Quebrada');
insert into local values ('Castanheira (Cos)');
insert into local values ('Granho Novo');
insert into local values ('Fraiao (Povoa de Varzim)');
insert into local values ('Granjeiro (Agucadoura)');
insert into local values ('Cova do Vapor');
insert into local values ('Busano (Cascais)');
insert into local values ('Casa Velha (Fatima)');
insert into local values ('Agra (Amorim)');
insert into local values ('Casais de Alem');
insert into local values ('Abas da Raposeira');
insert into local values ('Cruz de Pau');
insert into local values ('Casal Resoneiro');
insert into local values ('Casal da Rola');
insert into local values ('Luilhas');
insert into local values ('Castelhanas');
insert into local values ('Cadilhe');
insert into local values ('Brunhido');
insert into local values ('Aires (Setubal)');
insert into local values ('Casas Novas (Sintra)');
insert into local values ('Casalinho (Fatima)');
insert into local values ('Alcanica');
insert into local values ('Lacoes');
insert into local values ('Bustelo (Oliveira de Azemeis)');
insert into local values ('Mau Verde');
insert into local values ('Alveijar (Fatima)');
insert into local values ('Caxieira');
insert into local values ('Bolfiar');
insert into local values ('Lomba (Fatima)');
insert into local values ('Foitos');
insert into local values ('Espinhal (Povoa de Varzim)');
insert into local values ('Aguias (Brotas)');
insert into local values ('Calvario (Povoa de Varzim)');
insert into local values ('Frinjo');
insert into local values ('Foros da Catrapona');
insert into local values ('Mem Martins');
insert into local values ('Eira da Pedra');
insert into local values ('Espadelos');
insert into local values ('Estrada (Povoa de Varzim)');
insert into local values ('Foros de Amora');
insert into local values ('Granja do Marquês');
insert into local values ('Casal do Queijo');
insert into local values ('Giesteira (Fatima)');
insert into local values ('Carvoeiro (Pampilhosa da Serra)');
insert into local values ('Castelo Picao');
insert into local values ('Manique de Baixo');
insert into local values ('Azoia (Sesimbra)');
insert into local values ('Lugar da Pinta');
insert into local values ('Cacinheira');
insert into local values ('Alem (Povoa de Varzim)');
insert into local values ('Cabreira (Povoa de Varzim)');
insert into local values ('Carregosa (Povoa de Varzim)');
insert into local values ('Cuteres');
insert into local values ('Casais Brancos (Atouguia da Baleia)');
insert into local values ('Mogos');
insert into local values ('Montelo (Fatima)');
insert into local values ('Not Defined');
insert into local values ('Loures');


insert into vigia values ('Aldeia (Amorim)', 41);
insert into vigia values ('Aires (Setubal)', 77);
insert into vigia values ('Castro de Nossa Senhora da Confianca', 21);
insert into vigia values ('Ancos (Montelavar)', 3);
insert into vigia values ('Amoreira Fundeira', 33);
insert into vigia values ('Moita do Boi', 36);
insert into vigia values ('Mogos', 66);
insert into vigia values ('Casalinho (Fatima)', 7);
insert into vigia values ('Borda do Rio', 97);
insert into vigia values ('Casas Brancas', 14);
insert into vigia values ('Lugar da Foz', 57);
insert into vigia values ('Monchique', 87);
insert into vigia values ('Castanheira (Cos)', 45);
insert into vigia values ('Casalinho', 92);
insert into vigia values ('Balancho', 58);
insert into vigia values ('Granho Novo', 37);
insert into vigia values ('Aldeia Grande', 44);
insert into vigia values ('Muleneta', 4);
insert into vigia values ('Casa Velha (Fatima)', 22);
insert into vigia values ('Manique de Baixo', 89);
insert into vigia values ('Carregosa (Povoa de Varzim)', 75);
insert into vigia values ('Alcanica', 15);
insert into vigia values ('Fontainha', 86);
insert into vigia values ('Agra (Amorim)', 88);
insert into vigia values ('Eira da Pedra', 42);
insert into vigia values ('Mem Martins', 20);
insert into vigia values ('Casais das Comeiras', 47);
insert into vigia values ('Caturela', 79);
insert into vigia values ('Granja de Alpriate', 51);
insert into vigia values ('Oliveira do Hospital', 83);
insert into vigia values ('Gozundeira', 19);
insert into vigia values ('Cruz Quebrada', 55);
insert into vigia values ('Calves', 64);
insert into vigia values ('Burgada', 54);
insert into vigia values ('Cabeda', 48);
insert into vigia values ('Cacinheira', 76);
insert into vigia values ('Luilhas', 82);
insert into vigia values ('Lacoes', 85);
insert into vigia values ('Lugar da Pinta', 25);
insert into vigia values ('Fujaco', 28);
insert into vigia values ('Moita Redonda', 31);
insert into vigia values ('Busano (Cascais)', 65);
insert into vigia values ('Malveira da Serra', 96);
insert into vigia values ('Cova da Iria', 81);
insert into vigia values ('Lomba (Fatima)', 46);
insert into vigia values ('Miratejo', 91);
insert into vigia values ('Granja do Marquês', 50);
insert into vigia values ('Gestrins', 12);
insert into vigia values ('Amorim de Cima', 24);
insert into vigia values ('Monchique', 9);
insert into vigia values ('Bouca', 0);
insert into vigia values ('Frinjo', 59);
insert into vigia values ('Loures', 10);
insert into vigia values ('Monchique', 69);
insert into vigia values ('Cavadas', 11);
insert into vigia values ('Enxaminhos', 93);
insert into vigia values ('Maria Vinagre', 39);
insert into vigia values ('Espadelos', 60);
insert into vigia values ('Foros de Amora', 49);
insert into vigia values ('Caxieira', 95);
insert into vigia values ('Antoes', 16);
insert into vigia values ('Carvoeiro (Pampilhosa da Serra)', 32);
insert into vigia values ('Monchique', 17);
insert into vigia values ('Montelo (Fatima)', 5);
insert into vigia values ('Casal do Queijo', 70);
insert into vigia values ('Machuqueiras', 23);
insert into vigia values ('Fontainhas (Amorim)', 63);
insert into vigia values ('Cabreira (Povoa de Varzim)', 1);
insert into vigia values ('Estrada (Povoa de Varzim)', 62);
insert into vigia values ('Casal Resoneiro', 67);
insert into vigia values ('Crasto (Povoa de Varzim)', 29);
insert into vigia values ('Mercês (Rio de Mouro)', 30);
insert into vigia values ('Mau Verde', 74);
insert into vigia values ('Monchique', 35);
insert into vigia values ('Lourel', 40);
insert into vigia values ('Matas do Lourical', 38);
insert into vigia values ('Matos da Vila', 73);
insert into vigia values ('Monchique', 6);
insert into vigia values ('Algueirao', 52);
insert into vigia values ('Alveijar (Fatima)', 18);
insert into vigia values ('Aguas Ferreas (Povoa de Varzim)', 71);
insert into vigia values ('Assequins', 84);
insert into vigia values ('Castelo Picao', 27);
insert into vigia values ('Oliveira do Hospital', 90);
insert into vigia values ('Casais de Alem', 78);
insert into vigia values ('Moimento (Fatima)', 98);
insert into vigia values ('Oliveira do Hospital', 26);
insert into vigia values ('Azedia', 8);
insert into vigia values ('Giesteira (Fatima)', 72);
insert into vigia values ('Esperanca (Ourem)', 34);
insert into vigia values ('Calvario (Povoa de Varzim)', 61);
insert into vigia values ('Mandim', 2);
insert into vigia values ('Foitos', 80);
insert into vigia values ('Fraiao (Povoa de Varzim)', 43);
insert into vigia values ('Amoreira (Fatima)', 56);
insert into vigia values ('Granjeiro (Agucadoura)', 53);
insert into vigia values ('Casal da Rola', 99);
insert into vigia values ('Bustelo (Oliveira de Azemeis)', 94);
insert into vigia values ('Azoia (Sesimbra)', 68);
insert into vigia values ('Cavaditas', 13);
insert into vigia values ('Melecas', 55);
insert into vigia values ('Fomega', 65);
insert into vigia values ('Mourilhe (Povoa de Varzim)', 22);
insert into vigia values ('Brunhido', 67);
insert into vigia values ('Alem (Povoa de Varzim)', 11);
insert into vigia values ('Aguias (Brotas)', 7);
insert into vigia values ('Espinhal (Povoa de Varzim)', 89);
insert into vigia values ('Abadia de Bouro', 8);
insert into vigia values ('Gesta (Freguesia de Oia)', 14);
insert into vigia values ('Baldoiaa)', 91);
insert into vigia values ('Cadilhe', 51);
insert into vigia values ('Abas da Raposeira', 36);
insert into vigia values ('Bairro de Almodena', 82);
insert into vigia values ('Funchalinho', 58);
insert into vigia values ('Amoreirinha', 41);
insert into vigia values ('Laundos (Povoa de Varzim)', 61);
insert into vigia values ('Estanganhola', 64);
insert into vigia values ('Foz da Serta', 74);
insert into vigia values ('Cova do Vapor', 73);
insert into vigia values ('Alcorriol', 13);
insert into vigia values ('Bolfiar', 5);
insert into vigia values ('Cruz de Pau', 37);
insert into vigia values ('Casais Brancos (Atouguia da Baleia)', 31);
insert into vigia values ('Caminho Largo', 12);
insert into vigia values ('Lousadelo', 68);
insert into vigia values ('Maxieira', 0);
insert into vigia values ('Castelhanas', 39);
insert into vigia values ('Cuteres', 72);
insert into vigia values ('Aldeia (Agucadoura)', 75);
insert into vigia values ('Foros da Catrapona', 23);
insert into vigia values ('Casas Novas (Sintra)', 30);
insert into vigia values ('Oliveira do Hospital', 62);
insert into vigia values ('Covilha (Povoa de Varzim)', 93);
insert into vigia values ('Ordem (Povoa de Varzim)', 46);
insert into vigia values ('Mamua', 47);
insert into vigia values ('Casal Mouro', 98);
insert into vigia values ('Cruz (Povoa de Varzim)', 57);
insert into vigia values ('Areosa (Agucadoura)', 29);


insert into processoSocorro values (0);
insert into processoSocorro values (374188075);
insert into processoSocorro values (953974546);
insert into processoSocorro values (406074082);
insert into processoSocorro values (153637049);
insert into processoSocorro values (96047391);
insert into processoSocorro values (109609913);
insert into processoSocorro values (982873966);
insert into processoSocorro values (4946012);
insert into processoSocorro values (449089650);
insert into processoSocorro values (711450624);
insert into processoSocorro values (635997867);
insert into processoSocorro values (450733947);
insert into processoSocorro values (92139318);
insert into processoSocorro values (742110647);
insert into processoSocorro values (319764664);
insert into processoSocorro values (279286595);
insert into processoSocorro values (994665551);
insert into processoSocorro values (121296576);
insert into processoSocorro values (973848985);
insert into processoSocorro values (63857533);
insert into processoSocorro values (124206408);
insert into processoSocorro values (16555157);
insert into processoSocorro values (399220558);
insert into processoSocorro values (636785259);
insert into processoSocorro values (246188521);
insert into processoSocorro values (596854820);
insert into processoSocorro values (133078626);
insert into processoSocorro values (281181046);
insert into processoSocorro values (866583934);
insert into processoSocorro values (719544802);
insert into processoSocorro values (792208270);
insert into processoSocorro values (492494409);
insert into processoSocorro values (39164974);
insert into processoSocorro values (583562911);
insert into processoSocorro values (642368004);
insert into processoSocorro values (562293758);
insert into processoSocorro values (277829237);
insert into processoSocorro values (857210900);
insert into processoSocorro values (140643046);
insert into processoSocorro values (1225935);
insert into processoSocorro values (886274906);
insert into processoSocorro values (900746480);
insert into processoSocorro values (364295031);
insert into processoSocorro values (771501037);
insert into processoSocorro values (181124829);
insert into processoSocorro values (413510246);
insert into processoSocorro values (650471126);
insert into processoSocorro values (968197264);
insert into processoSocorro values (328226143);
insert into processoSocorro values (397757919);
insert into processoSocorro values (807374152);
insert into processoSocorro values (625143324);
insert into processoSocorro values (258639306);
insert into processoSocorro values (523569284);
insert into processoSocorro values (809538605);
insert into processoSocorro values (667268600);
insert into processoSocorro values (397399200);
insert into processoSocorro values (619869831);
insert into processoSocorro values (711482593);
insert into processoSocorro values (575353000);
insert into processoSocorro values (166777657);
insert into processoSocorro values (692097708);
insert into processoSocorro values (802473530);
insert into processoSocorro values (412656386);
insert into processoSocorro values (251453408);
insert into processoSocorro values (654886892);
insert into processoSocorro values (719509170);
insert into processoSocorro values (199967829);
insert into processoSocorro values (938812192);
insert into processoSocorro values (129463186);
insert into processoSocorro values (778716833);
insert into processoSocorro values (200683615);
insert into processoSocorro values (474409965);
insert into processoSocorro values (909615606);
insert into processoSocorro values (264211739);
insert into processoSocorro values (113489433);
insert into processoSocorro values (339055383);
insert into processoSocorro values (765101878);
insert into processoSocorro values (459499326);
insert into processoSocorro values (143363578);
insert into processoSocorro values (382833199);
insert into processoSocorro values (408945657);
insert into processoSocorro values (468765121);
insert into processoSocorro values (682306662);
insert into processoSocorro values (599055160);
insert into processoSocorro values (348747537);
insert into processoSocorro values (67298573);
insert into processoSocorro values (342356350);
insert into processoSocorro values (520287012);
insert into processoSocorro values (17647147);
insert into processoSocorro values (200707688);
insert into processoSocorro values (611007231);
insert into processoSocorro values (476035741);
insert into processoSocorro values (650570084);
insert into processoSocorro values (628174817);
insert into processoSocorro values (482398962);
insert into processoSocorro values (112352170);
insert into processoSocorro values (46295645);
insert into processoSocorro values (948722126);
insert into processoSocorro values (356363713);


insert into eventoEmergencia values (932500592, '2018-09-22 14:44:04', 'Marco Assuncao', 'Balancho', 982873966);
insert into eventoEmergencia values (961549209, '2018-08-14 08:15:49', 'Ivo Jesus', 'Luilhas', 96047391);
insert into eventoEmergencia values (933387692, '2018-07-11 09:44:41', 'Elisabete Mario', 'Moimento (Fatima)', 406074082);
insert into eventoEmergencia values (219788096, '2018-02-23 20:25:49', 'Ivo Cruz', 'Monchique', 356363713);
insert into eventoEmergencia values (218355877, '2018-10-02 11:54:21', 'Olivia Peralta', 'Alcorriol', 63857533);
insert into eventoEmergencia values (939077338, '2018-06-13 11:10:31', 'Daniel Saramago', 'Amoreira (Fatima)', 692097708);
insert into eventoEmergencia values (968993432, '2018-03-30 13:15:17', 'Manuel Leal', 'Abas da Raposeira', 0);
insert into eventoEmergencia values (914715085, '2018-04-24 08:57:05', 'Gustavo Fonte', 'Mourilhe (Povoa de Varzim)', 397757919);
insert into eventoEmergencia values (933387692, '2018-02-28 10:34:23', 'Eduardo Semedo', 'Amoreirinha', 642368004);
insert into eventoEmergencia values (935696599, '2018-07-22 08:15:38', 'Margarida Soares', 'Fontainha', 711482593);
insert into eventoEmergencia values (918884083, '2018-11-04 17:49:14', 'Ivo Silveira', 'Mercês (Rio de Mouro)', 0);
insert into eventoEmergencia values (915278911, '2018-01-11 10:40:37', 'Francisca Matos', 'Muleneta', 109609913);
insert into eventoEmergencia values (916802756, '2018-08-21 01:16:29', 'Duarte Jesus', 'Funchalinho', 953974546);
insert into eventoEmergencia values (963647077, '2018-11-09 15:57:45', 'Aurea Belo', 'Oliveira do Hospital', 413510246);
insert into eventoEmergencia values (938017067, '2018-03-30 13:39:02', 'Cidalia Caneira', 'Cacinheira', 482398962);
insert into eventoEmergencia values (966914416, '2018-09-21 06:47:24', 'Claudio Miranda', 'Eira da Pedra', 199967829);
insert into eventoEmergencia values (918246773, '2018-04-13 16:06:18', 'Rodolfo Melo', 'Espinhal (Povoa de Varzim)', 719509170);
insert into eventoEmergencia values (961572214, '2018-02-27 05:01:39', 'Danilo Mario', 'Casal Resoneiro', 654886892);
insert into eventoEmergencia values (918884083, '2018-10-14 21:35:38', 'Vasco Sousa', 'Cuteres', 382833199);
insert into eventoEmergencia values (912563032, '2018-10-01 09:46:08', 'Edgar Teixeira', 'Burgada', 682306662);
insert into eventoEmergencia values (933874895, '2018-03-09 06:52:29', 'Rui Bernardo', 'Foitos', 476035741);
insert into eventoEmergencia values (912997144, '2018-01-24 15:55:05', 'Sofia Mesquita', 'Amoreira Fundeira', 809538605);
insert into eventoEmergencia values (216063534, '2018-05-10 21:41:05', 'Dinis Lourenco', 'Casalinho (Fatima)', 328226143);
insert into eventoEmergencia values (915278911, '2018-09-07 23:54:32', 'Santiago Domingues', 'Monchique', 948722126);
insert into eventoEmergencia values (217432541, '2018-03-02 07:18:55', 'Diana Mendes', 'Crasto (Povoa de Varzim)', 4946012);
insert into eventoEmergencia values (218352346, '2018-08-29 06:31:28', 'Carlota Nascimento', 'Casais de Alem', 583562911);
insert into eventoEmergencia values (919382806, '2018-07-24 05:09:53', 'Nuno Assis', 'Casais Brancos (Atouguia da Baleia)', 67298573);
insert into eventoEmergencia values (963647077, '2018-03-31 11:38:51', 'Simao Domingues', 'Lourel', 374188075);
insert into eventoEmergencia values (968456750, '2018-05-10 17:38:01', 'Guilherme Abelho', 'Azedia', 474409965);
insert into eventoEmergencia values (937030517, '2018-07-13 14:19:44', 'Carlota Marques', 'Bolfiar', 596854820);
insert into eventoEmergencia values (935085179, '2018-06-04 18:24:34', 'Sofia Soares', 'Amoreira (Fatima)', 112352170);
insert into eventoEmergencia values (932500592, '2018-04-18 17:55:25', 'Samuel Abreu', 'Funchalinho', 0);
insert into eventoEmergencia values (219484936, '2018-11-22 11:04:05', 'Dinis Marques', 'Calves', 866583934);
insert into eventoEmergencia values (918884083, '2018-06-28 07:47:34', 'Gloria Esteves', 'Estanganhola', 16555157);
insert into eventoEmergencia values (912563032, '2018-03-31 03:33:02', 'Rodolfo Sa', 'Caxieira', 900746480);
insert into eventoEmergencia values (919998733, '2018-06-11 13:41:12', 'Fernanda Peixoto', 'Montelo (Fatima)', 17647147);
insert into eventoEmergencia values (212991528, '2018-04-01 23:26:14', 'Elisabete Pinheiro', 'Granho Novo', 133078626);
insert into eventoEmergencia values (213703431, '2018-11-22 11:04:05', 'Erica Costa', 'Mau Verde', 792208270);
insert into eventoEmergencia values (967290699, '2018-09-22 14:44:04', 'Nuno Garcia', 'Lugar da Foz', 765101878);
insert into eventoEmergencia values (933874895, '2018-05-07 13:02:39', 'Clara Neves', 'Castelo Picao', 113489433);
insert into eventoEmergencia values (964745699, '2018-06-23 21:54:52', 'Adelaide Maia', 'Enxaminhos', 121296576);
insert into eventoEmergencia values (967399484, '2018-05-05 13:36:28', 'Raul Fonte', 'Oliveira do Hospital', 625143324);
insert into eventoEmergencia values (212711934, '2018-03-29 19:58:08', 'Palmira Domingues', 'Enxaminhos', 200683615);
insert into eventoEmergencia values (219712983, '2018-09-04 09:21:57', 'Vicente Moura', 'Monchique', 251453408);
insert into eventoEmergencia values (214180482, '2018-05-18 06:23:12', 'Helena Fonseca', 'Aldeia Grande', 619869831);
insert into eventoEmergencia values (961259146, '2018-05-10 17:38:01', 'Lia Chaves', 'Fomega', 200707688);
insert into eventoEmergencia values (967290699, '2018-06-26 13:25:34', 'Pedro Abelho', 'Alveijar (Fatima)', 412656386);
insert into eventoEmergencia values (939077338, '2018-10-20 11:06:33', 'Carminho Silveira', 'Funchalinho', 348747537);
insert into eventoEmergencia values (211975131, '2018-03-14 05:17:38', 'Armando Neves', 'Castelhanas', 450733947);
insert into eventoEmergencia values (933387692, '2018-05-05 04:37:16', 'Alice Machado', 'Algueirao', 778716833);
insert into eventoEmergencia values (934756857, '2018-11-13 19:20:07', 'Bernardo Almeida', 'Baldoiaa)', 279286595);
insert into eventoEmergencia values (965132776, '2018-06-25 14:50:36', 'Carlota Figueiredo', 'Monchique', 802473530);
insert into eventoEmergencia values (964802070, '2018-07-13 14:19:44', 'Soraia Guerreiro', 'Cadilhe', 399220558);
insert into eventoEmergencia values (213306472, '2018-07-24 05:09:53', 'Sara Fonseca', 'Foros da Catrapona', 246188521);
insert into eventoEmergencia values (967215805, '2018-03-30 13:15:17', 'Palmira Matos', 'Fujaco', 650471126);
insert into eventoEmergencia values (916054499, '2018-03-31 03:33:02', 'Fernando Paiva', 'Foros de Amora', 0);
insert into eventoEmergencia values (218854383, '2018-05-14 11:51:51', 'Amanda Silva', 'Crasto (Povoa de Varzim)', 650570084);
insert into eventoEmergencia values (916802756, '2018-05-18 06:23:12', 'Duarte Faria', 'Esperanca (Ourem)', 909615606);
insert into eventoEmergencia values (916502229, '2018-05-10 03:11:16', 'Daniela Saramago', 'Alcanica', 339055383);
insert into eventoEmergencia values (917450903, '2018-03-14 05:17:38', 'Ana Marques', 'Machuqueiras', 492494409);
insert into eventoEmergencia values (219788096, '2018-05-15 15:55:21', 'William Leal', 'Moita do Boi', 124206408);
insert into eventoEmergencia values (937993251, '2018-09-19 22:12:31', 'Catarina Ribeiro', 'Frinjo', 129463186);
insert into eventoEmergencia values (966042926, '2018-08-31 07:11:22', 'Cristina Frietas', 'Mercês (Rio de Mouro)', 181124829);
insert into eventoEmergencia values (937550845, '2018-05-31 07:13:47', 'Luisa Monteiro', 'Aguias (Brotas)', 364295031);
insert into eventoEmergencia values (218519512, '2018-11-09 12:02:55', 'Cristina Jordao', 'Lacoes', 520287012);
insert into eventoEmergencia values (961662363, '2018-06-25 14:50:36', 'Antonio Semedo', 'Aguias (Brotas)', 143363578);
insert into eventoEmergencia values (217556947, '2018-03-03 05:41:35', 'Diana Almeida', 'Mem Martins', 742110647);
insert into eventoEmergencia values (963694923, '2018-02-01 09:54:35', 'Anabela Albano', 'Castelo Picao', 575353000);
insert into eventoEmergencia values (916249826, '2018-02-21 09:26:01', 'Julia Rocha', 'Oliveira do Hospital', 857210900);
insert into eventoEmergencia values (939077338, '2018-11-27 07:39:35', 'Mafalda Jesus', 'Casais Brancos (Atouguia da Baleia)', 938812192);
insert into eventoEmergencia values (962993472, '2018-11-09 12:02:55', 'Jessica Jesus', 'Estanganhola', 153637049);
insert into eventoEmergencia values (211637127, '2018-05-15 15:55:21', 'Daniel Maia', 'Cavaditas', 92139318);
insert into eventoEmergencia values (214608137, '2018-01-17 09:54:09', 'Dinis Matos', 'Casas Brancas', 468765121);
insert into eventoEmergencia values (935085179, '2018-05-14 05:51:47', 'Manuel Melo', 'Eira da Pedra', 0);
insert into eventoEmergencia values (219983755, '2018-11-27 07:39:35', 'Sebastiao Soares', 'Lourel', 719544802);
insert into eventoEmergencia values (214345243, '2018-04-13 16:06:18', 'Afonso Henriques', 'Algueirao', 994665551);
insert into eventoEmergencia values (915490104, '2018-08-07 13:39:08', 'Joao Lima', 'Alveijar (Fatima)', 408945657);
insert into eventoEmergencia values (214608137, '2018-09-22 21:02:44', 'Mauro Neves', 'Aldeia (Amorim)', 771501037);
insert into eventoEmergencia values (919879524, '2018-03-18 21:13:18', 'Xavier Silva', 'Cova do Vapor', 599055160);
insert into eventoEmergencia values (939842493, '2018-11-04 17:49:14', 'Gloria Tavares', 'Cavadas', 140643046);
insert into eventoEmergencia values (214180482, '2018-11-22 11:04:05', 'Emilia Garcia', 'Monchique', 459499326);
insert into eventoEmergencia values (212466360, '2018-01-21 16:11:52', 'Hugo Nogueira', 'Antoes', 807374152);
insert into eventoEmergencia values (216063534, '2018-11-25 01:39:30', 'Mauro Marques', 'Casais Brancos (Atouguia da Baleia)', 968197264);
insert into eventoEmergencia values (918884083, '2018-06-21 22:28:04', 'Cidalia Figueiredo', 'Lacoes', 973848985);
insert into eventoEmergencia values (916502229, '2018-06-12 20:19:08', 'Carmo Leao', 'Funchalinho', 281181046);
insert into eventoEmergencia values (916802756, '2018-03-07 02:47:39', 'Carminho Moreira', 'Balancho', 46295645);
insert into eventoEmergencia values (918829909, '2018-10-02 02:35:04', 'William Sousa', 'Alem (Povoa de Varzim)', 166777657);
insert into eventoEmergencia values (967856223, '2018-03-26 02:12:06', 'Eduardo Brita', 'Assequins', 667268600);
insert into eventoEmergencia values (212991528, '2018-08-16 12:26:59', 'Isabela Domingues', 'Gozundeira', 636785259);
insert into eventoEmergencia values (962726789, '2018-03-16 14:53:54', 'Antonio Belmonte', 'Burgada', 711450624);
insert into eventoEmergencia values (913326249, '2018-11-09 10:13:05', 'Catarina Feio', 'Gestrins', 628174817);
insert into eventoEmergencia values (212991528, '2018-09-22 14:44:04', 'Soraia Correia', 'Monchique', 39164974);
insert into eventoEmergencia values (932378716, '2018-03-07 02:47:39', 'Mario Avelar', 'Granho Novo', 562293758);
insert into eventoEmergencia values (933120871, '2018-01-23 12:35:09', 'Palmira Aveiro', 'Mau Verde', 611007231);
insert into eventoEmergencia values (917308533, '2018-08-23 04:35:18', 'Samuel Oliveira', 'Monchique', 523569284);
insert into eventoEmergencia values (919998733, '2018-11-27 07:39:35', 'Guilherme Horta', 'Miratejo', 449089650);
insert into eventoEmergencia values (936082097, '2018-08-14 23:31:56', 'Tomas Setubal', 'Fraiao (Povoa de Varzim)', 1225935);
insert into eventoEmergencia values (937226435, '2018-07-13 03:39:26', 'Filipe Albano', 'Casais de Alem', 886274906);
insert into eventoEmergencia values (211637127, '2018-09-02 02:48:40', 'Anabela Raposo', 'Ordem (Povoa de Varzim)', 635997867);
insert into eventoEmergencia values (215886537, '2018-10-01 09:46:08', 'Duarte Leal', 'Frinjo', 0);
insert into eventoEmergencia values (932805838, '2018-01-23 12:35:09', 'Diogo Novais', 'Cruz (Povoa de Varzim)', 264211739);
insert into eventoEmergencia values (936804747, '2018-01-14 07:13:04', 'Jorge Lameiras', 'Estrada (Povoa de Varzim)', 277829237);
insert into eventoEmergencia values (969493331, '2018-10-01 09:46:08', 'Sergio Azevedo', 'Ordem (Povoa de Varzim)', 319764664);
insert into eventoEmergencia values (918884083, '2018-04-21 21:32:25', 'Carla Palhoto', 'Amorim de Cima', 342356350);
insert into eventoEmergencia values (917450903, '2018-01-12 17:54:41', 'Renato Magalhaes', 'Mandim', 258639306);
insert into eventoEmergencia values (912761089, '2018-08-14 23:31:56', 'Erica Ribeiro', 'Frinjo', 397399200);


insert into entidadeMeio values ('Entidade 0');
insert into entidadeMeio values ('Entidade 1');
insert into entidadeMeio values ('Entidade 2');
insert into entidadeMeio values ('Entidade 3');
insert into entidadeMeio values ('Entidade 4');
insert into entidadeMeio values ('Entidade 5');
insert into entidadeMeio values ('Entidade 6');
insert into entidadeMeio values ('Entidade 7');
insert into entidadeMeio values ('Entidade 8');
insert into entidadeMeio values ('Entidade 9');
insert into entidadeMeio values ('Entidade 10');
insert into entidadeMeio values ('Entidade 11');
insert into entidadeMeio values ('Entidade 12');
insert into entidadeMeio values ('Entidade 13');
insert into entidadeMeio values ('Entidade 14');
insert into entidadeMeio values ('Entidade 15');
insert into entidadeMeio values ('Entidade 16');
insert into entidadeMeio values ('Entidade 17');
insert into entidadeMeio values ('Entidade 18');
insert into entidadeMeio values ('Entidade 19');
insert into entidadeMeio values ('Entidade 20');
insert into entidadeMeio values ('Entidade 21');
insert into entidadeMeio values ('Entidade 22');
insert into entidadeMeio values ('Entidade 23');
insert into entidadeMeio values ('Entidade 24');
insert into entidadeMeio values ('Entidade 25');
insert into entidadeMeio values ('Entidade 26');
insert into entidadeMeio values ('Entidade 27');
insert into entidadeMeio values ('Entidade 28');
insert into entidadeMeio values ('Entidade 29');
insert into entidadeMeio values ('Entidade 30');
insert into entidadeMeio values ('Entidade 31');
insert into entidadeMeio values ('Entidade 32');
insert into entidadeMeio values ('Entidade 33');
insert into entidadeMeio values ('Entidade 34');
insert into entidadeMeio values ('Entidade 35');
insert into entidadeMeio values ('Entidade 36');
insert into entidadeMeio values ('Entidade 37');
insert into entidadeMeio values ('Entidade 38');
insert into entidadeMeio values ('Entidade 39');
insert into entidadeMeio values ('Entidade 40');
insert into entidadeMeio values ('Entidade 41');
insert into entidadeMeio values ('Entidade 42');
insert into entidadeMeio values ('Entidade 43');
insert into entidadeMeio values ('Entidade 44');
insert into entidadeMeio values ('Entidade 45');
insert into entidadeMeio values ('Entidade 46');
insert into entidadeMeio values ('Entidade 47');
insert into entidadeMeio values ('Entidade 48');
insert into entidadeMeio values ('Entidade 49');
insert into entidadeMeio values ('Entidade 50');
insert into entidadeMeio values ('Entidade 51');
insert into entidadeMeio values ('Entidade 52');
insert into entidadeMeio values ('Entidade 53');
insert into entidadeMeio values ('Entidade 54');
insert into entidadeMeio values ('Entidade 55');
insert into entidadeMeio values ('Entidade 56');
insert into entidadeMeio values ('Entidade 57');
insert into entidadeMeio values ('Entidade 58');
insert into entidadeMeio values ('Entidade 59');
insert into entidadeMeio values ('Entidade 60');
insert into entidadeMeio values ('Entidade 61');
insert into entidadeMeio values ('Entidade 62');
insert into entidadeMeio values ('Entidade 63');
insert into entidadeMeio values ('Entidade 64');
insert into entidadeMeio values ('Entidade 65');
insert into entidadeMeio values ('Entidade 66');
insert into entidadeMeio values ('Entidade 67');
insert into entidadeMeio values ('Entidade 68');
insert into entidadeMeio values ('Entidade 69');
insert into entidadeMeio values ('Entidade 70');
insert into entidadeMeio values ('Entidade 71');
insert into entidadeMeio values ('Entidade 72');
insert into entidadeMeio values ('Entidade 73');
insert into entidadeMeio values ('Entidade 74');
insert into entidadeMeio values ('Entidade 75');
insert into entidadeMeio values ('Entidade 76');
insert into entidadeMeio values ('Entidade 77');
insert into entidadeMeio values ('Entidade 78');
insert into entidadeMeio values ('Entidade 79');
insert into entidadeMeio values ('Entidade 80');
insert into entidadeMeio values ('Entidade 81');
insert into entidadeMeio values ('Entidade 82');
insert into entidadeMeio values ('Entidade 83');
insert into entidadeMeio values ('Entidade 84');
insert into entidadeMeio values ('Entidade 85');
insert into entidadeMeio values ('Entidade 86');
insert into entidadeMeio values ('Entidade 87');
insert into entidadeMeio values ('Entidade 88');
insert into entidadeMeio values ('Entidade 89');
insert into entidadeMeio values ('Entidade 90');
insert into entidadeMeio values ('Entidade 91');
insert into entidadeMeio values ('Entidade 92');
insert into entidadeMeio values ('Entidade 93');
insert into entidadeMeio values ('Entidade 94');
insert into entidadeMeio values ('Entidade 95');
insert into entidadeMeio values ('Entidade 96');
insert into entidadeMeio values ('Entidade 97');
insert into entidadeMeio values ('Entidade 98');
insert into entidadeMeio values ('Entidade 99');


insert into meio values (0, 'Meio 0', 'Entidade 0');
insert into meio values (1, 'Meio 1', 'Entidade 0');
insert into meio values (0, 'Meio 0', 'Entidade 1');
insert into meio values (1, 'Meio 1', 'Entidade 1');
insert into meio values (2, 'Meio 2', 'Entidade 1');
insert into meio values (3, 'Meio 3', 'Entidade 1');
insert into meio values (4, 'Meio 4', 'Entidade 1');
insert into meio values (0, 'Meio 0', 'Entidade 2');
insert into meio values (1, 'Meio 1', 'Entidade 2');
insert into meio values (0, 'Meio 0', 'Entidade 4');
insert into meio values (1, 'Meio 1', 'Entidade 4');
insert into meio values (2, 'Meio 2', 'Entidade 4');
insert into meio values (3, 'Meio 3', 'Entidade 4');
insert into meio values (4, 'Meio 4', 'Entidade 4');
insert into meio values (5, 'Meio 5', 'Entidade 4');
insert into meio values (0, 'Meio 0', 'Entidade 5');
insert into meio values (1, 'Meio 1', 'Entidade 5');
insert into meio values (2, 'Meio 2', 'Entidade 5');
insert into meio values (0, 'Meio 0', 'Entidade 6');
insert into meio values (0, 'Meio 0', 'Entidade 8');
insert into meio values (1, 'Meio 1', 'Entidade 8');
insert into meio values (0, 'Meio 0', 'Entidade 9');
insert into meio values (1, 'Meio 1', 'Entidade 9');
insert into meio values (2, 'Meio 2', 'Entidade 9');
insert into meio values (3, 'Meio 3', 'Entidade 9');
insert into meio values (0, 'Meio 0', 'Entidade 10');
insert into meio values (1, 'Meio 1', 'Entidade 10');
insert into meio values (2, 'Meio 2', 'Entidade 10');
insert into meio values (3, 'Meio 3', 'Entidade 10');
insert into meio values (4, 'Meio 4', 'Entidade 10');
insert into meio values (5, 'Meio 5', 'Entidade 10');
insert into meio values (0, 'Meio 0', 'Entidade 11');
insert into meio values (1, 'Meio 1', 'Entidade 11');
insert into meio values (2, 'Meio 2', 'Entidade 11');
insert into meio values (3, 'Meio 3', 'Entidade 11');
insert into meio values (4, 'Meio 4', 'Entidade 11');
insert into meio values (0, 'Meio 0', 'Entidade 12');
insert into meio values (1, 'Meio 1', 'Entidade 12');
insert into meio values (2, 'Meio 2', 'Entidade 12');
insert into meio values (3, 'Meio 3', 'Entidade 12');
insert into meio values (4, 'Meio 4', 'Entidade 12');
insert into meio values (0, 'Meio 0', 'Entidade 13');
insert into meio values (1, 'Meio 1', 'Entidade 13');
insert into meio values (2, 'Meio 2', 'Entidade 13');
insert into meio values (3, 'Meio 3', 'Entidade 13');
insert into meio values (4, 'Meio 4', 'Entidade 13');
insert into meio values (5, 'Meio 5', 'Entidade 13');
insert into meio values (0, 'Meio 0', 'Entidade 14');
insert into meio values (1, 'Meio 1', 'Entidade 14');
insert into meio values (0, 'Meio 0', 'Entidade 15');
insert into meio values (1, 'Meio 1', 'Entidade 15');
insert into meio values (2, 'Meio 2', 'Entidade 15');
insert into meio values (0, 'Meio 0', 'Entidade 16');
insert into meio values (1, 'Meio 1', 'Entidade 16');
insert into meio values (2, 'Meio 2', 'Entidade 16');
insert into meio values (3, 'Meio 3', 'Entidade 16');
insert into meio values (0, 'Meio 0', 'Entidade 17');
insert into meio values (1, 'Meio 1', 'Entidade 17');
insert into meio values (2, 'Meio 2', 'Entidade 17');
insert into meio values (3, 'Meio 3', 'Entidade 17');
insert into meio values (4, 'Meio 4', 'Entidade 17');
insert into meio values (0, 'Meio 0', 'Entidade 18');
insert into meio values (1, 'Meio 1', 'Entidade 18');
insert into meio values (2, 'Meio 2', 'Entidade 18');
insert into meio values (0, 'Meio 0', 'Entidade 19');
insert into meio values (1, 'Meio 1', 'Entidade 19');
insert into meio values (2, 'Meio 2', 'Entidade 19');
insert into meio values (0, 'Meio 0', 'Entidade 20');
insert into meio values (1, 'Meio 1', 'Entidade 20');
insert into meio values (2, 'Meio 2', 'Entidade 20');
insert into meio values (0, 'Meio 0', 'Entidade 21');
insert into meio values (1, 'Meio 1', 'Entidade 21');
insert into meio values (2, 'Meio 2', 'Entidade 21');
insert into meio values (3, 'Meio 3', 'Entidade 21');
insert into meio values (0, 'Meio 0', 'Entidade 22');
insert into meio values (1, 'Meio 1', 'Entidade 22');
insert into meio values (2, 'Meio 2', 'Entidade 22');
insert into meio values (3, 'Meio 3', 'Entidade 22');
insert into meio values (0, 'Meio 0', 'Entidade 23');
insert into meio values (1, 'Meio 1', 'Entidade 23');
insert into meio values (2, 'Meio 2', 'Entidade 23');
insert into meio values (3, 'Meio 3', 'Entidade 23');
insert into meio values (0, 'Meio 0', 'Entidade 24');
insert into meio values (1, 'Meio 1', 'Entidade 24');
insert into meio values (2, 'Meio 2', 'Entidade 24');
insert into meio values (3, 'Meio 3', 'Entidade 24');
insert into meio values (0, 'Meio 0', 'Entidade 25');
insert into meio values (1, 'Meio 1', 'Entidade 25');
insert into meio values (2, 'Meio 2', 'Entidade 25');
insert into meio values (3, 'Meio 3', 'Entidade 25');
insert into meio values (4, 'Meio 4', 'Entidade 25');
insert into meio values (5, 'Meio 5', 'Entidade 25');
insert into meio values (0, 'Meio 0', 'Entidade 26');
insert into meio values (0, 'Meio 0', 'Entidade 27');
insert into meio values (1, 'Meio 1', 'Entidade 27');
insert into meio values (2, 'Meio 2', 'Entidade 27');
insert into meio values (0, 'Meio 0', 'Entidade 28');
insert into meio values (1, 'Meio 1', 'Entidade 28');
insert into meio values (2, 'Meio 2', 'Entidade 28');
insert into meio values (3, 'Meio 3', 'Entidade 28');
insert into meio values (4, 'Meio 4', 'Entidade 28');
insert into meio values (5, 'Meio 5', 'Entidade 28');
insert into meio values (0, 'Meio 0', 'Entidade 29');
insert into meio values (0, 'Meio 0', 'Entidade 30');
insert into meio values (1, 'Meio 1', 'Entidade 30');
insert into meio values (0, 'Meio 0', 'Entidade 31');
insert into meio values (0, 'Meio 0', 'Entidade 33');
insert into meio values (1, 'Meio 1', 'Entidade 33');
insert into meio values (0, 'Meio 0', 'Entidade 34');
insert into meio values (1, 'Meio 1', 'Entidade 34');
insert into meio values (0, 'Meio 0', 'Entidade 35');
insert into meio values (1, 'Meio 1', 'Entidade 35');
insert into meio values (2, 'Meio 2', 'Entidade 35');
insert into meio values (0, 'Meio 0', 'Entidade 36');
insert into meio values (0, 'Meio 0', 'Entidade 37');
insert into meio values (1, 'Meio 1', 'Entidade 37');
insert into meio values (0, 'Meio 0', 'Entidade 38');
insert into meio values (1, 'Meio 1', 'Entidade 38');
insert into meio values (2, 'Meio 2', 'Entidade 38');
insert into meio values (0, 'Meio 0', 'Entidade 40');
insert into meio values (1, 'Meio 1', 'Entidade 40');
insert into meio values (0, 'Meio 0', 'Entidade 41');
insert into meio values (0, 'Meio 0', 'Entidade 42');
insert into meio values (1, 'Meio 1', 'Entidade 42');
insert into meio values (2, 'Meio 2', 'Entidade 42');
insert into meio values (0, 'Meio 0', 'Entidade 43');
insert into meio values (1, 'Meio 1', 'Entidade 43');
insert into meio values (2, 'Meio 2', 'Entidade 43');
insert into meio values (3, 'Meio 3', 'Entidade 43');
insert into meio values (4, 'Meio 4', 'Entidade 43');
insert into meio values (5, 'Meio 5', 'Entidade 43');
insert into meio values (0, 'Meio 0', 'Entidade 44');
insert into meio values (1, 'Meio 1', 'Entidade 44');
insert into meio values (2, 'Meio 2', 'Entidade 44');
insert into meio values (3, 'Meio 3', 'Entidade 44');
insert into meio values (4, 'Meio 4', 'Entidade 44');
insert into meio values (0, 'Meio 0', 'Entidade 45');
insert into meio values (1, 'Meio 1', 'Entidade 45');
insert into meio values (0, 'Meio 0', 'Entidade 46');
insert into meio values (1, 'Meio 1', 'Entidade 46');
insert into meio values (2, 'Meio 2', 'Entidade 46');
insert into meio values (3, 'Meio 3', 'Entidade 46');
insert into meio values (0, 'Meio 0', 'Entidade 47');
insert into meio values (1, 'Meio 1', 'Entidade 47');
insert into meio values (2, 'Meio 2', 'Entidade 47');
insert into meio values (3, 'Meio 3', 'Entidade 47');
insert into meio values (4, 'Meio 4', 'Entidade 47');
insert into meio values (0, 'Meio 0', 'Entidade 48');
insert into meio values (1, 'Meio 1', 'Entidade 48');
insert into meio values (2, 'Meio 2', 'Entidade 48');
insert into meio values (3, 'Meio 3', 'Entidade 48');
insert into meio values (4, 'Meio 4', 'Entidade 48');
insert into meio values (0, 'Meio 0', 'Entidade 50');
insert into meio values (1, 'Meio 1', 'Entidade 50');
insert into meio values (2, 'Meio 2', 'Entidade 50');
insert into meio values (3, 'Meio 3', 'Entidade 50');
insert into meio values (0, 'Meio 0', 'Entidade 52');
insert into meio values (1, 'Meio 1', 'Entidade 52');
insert into meio values (0, 'Meio 0', 'Entidade 53');
insert into meio values (1, 'Meio 1', 'Entidade 53');
insert into meio values (2, 'Meio 2', 'Entidade 53');
insert into meio values (3, 'Meio 3', 'Entidade 53');
insert into meio values (0, 'Meio 0', 'Entidade 54');
insert into meio values (1, 'Meio 1', 'Entidade 54');
insert into meio values (2, 'Meio 2', 'Entidade 54');
insert into meio values (3, 'Meio 3', 'Entidade 54');
insert into meio values (4, 'Meio 4', 'Entidade 54');
insert into meio values (0, 'Meio 0', 'Entidade 55');
insert into meio values (1, 'Meio 1', 'Entidade 55');
insert into meio values (0, 'Meio 0', 'Entidade 56');
insert into meio values (1, 'Meio 1', 'Entidade 56');
insert into meio values (2, 'Meio 2', 'Entidade 56');
insert into meio values (0, 'Meio 0', 'Entidade 57');
insert into meio values (1, 'Meio 1', 'Entidade 57');
insert into meio values (2, 'Meio 2', 'Entidade 57');
insert into meio values (3, 'Meio 3', 'Entidade 57');
insert into meio values (0, 'Meio 0', 'Entidade 60');
insert into meio values (1, 'Meio 1', 'Entidade 60');
insert into meio values (2, 'Meio 2', 'Entidade 60');
insert into meio values (3, 'Meio 3', 'Entidade 60');
insert into meio values (4, 'Meio 4', 'Entidade 60');
insert into meio values (0, 'Meio 0', 'Entidade 61');
insert into meio values (1, 'Meio 1', 'Entidade 61');
insert into meio values (2, 'Meio 2', 'Entidade 61');
insert into meio values (0, 'Meio 0', 'Entidade 62');
insert into meio values (1, 'Meio 1', 'Entidade 62');
insert into meio values (2, 'Meio 2', 'Entidade 62');
insert into meio values (3, 'Meio 3', 'Entidade 62');
insert into meio values (4, 'Meio 4', 'Entidade 62');
insert into meio values (0, 'Meio 0', 'Entidade 63');
insert into meio values (1, 'Meio 1', 'Entidade 63');
insert into meio values (0, 'Meio 0', 'Entidade 64');
insert into meio values (0, 'Meio 0', 'Entidade 66');
insert into meio values (1, 'Meio 1', 'Entidade 66');
insert into meio values (2, 'Meio 2', 'Entidade 66');
insert into meio values (3, 'Meio 3', 'Entidade 66');
insert into meio values (0, 'Meio 0', 'Entidade 68');
insert into meio values (1, 'Meio 1', 'Entidade 68');
insert into meio values (0, 'Meio 0', 'Entidade 70');
insert into meio values (1, 'Meio 1', 'Entidade 70');
insert into meio values (2, 'Meio 2', 'Entidade 70');
insert into meio values (3, 'Meio 3', 'Entidade 70');
insert into meio values (4, 'Meio 4', 'Entidade 70');
insert into meio values (0, 'Meio 0', 'Entidade 73');
insert into meio values (1, 'Meio 1', 'Entidade 73');
insert into meio values (2, 'Meio 2', 'Entidade 73');
insert into meio values (3, 'Meio 3', 'Entidade 73');
insert into meio values (4, 'Meio 4', 'Entidade 73');
insert into meio values (5, 'Meio 5', 'Entidade 73');
insert into meio values (0, 'Meio 0', 'Entidade 74');
insert into meio values (1, 'Meio 1', 'Entidade 74');
insert into meio values (2, 'Meio 2', 'Entidade 74');
insert into meio values (3, 'Meio 3', 'Entidade 74');
insert into meio values (4, 'Meio 4', 'Entidade 74');
insert into meio values (5, 'Meio 5', 'Entidade 74');
insert into meio values (0, 'Meio 0', 'Entidade 75');
insert into meio values (1, 'Meio 1', 'Entidade 75');
insert into meio values (0, 'Meio 0', 'Entidade 77');
insert into meio values (1, 'Meio 1', 'Entidade 77');
insert into meio values (2, 'Meio 2', 'Entidade 77');
insert into meio values (0, 'Meio 0', 'Entidade 78');
insert into meio values (0, 'Meio 0', 'Entidade 79');
insert into meio values (1, 'Meio 1', 'Entidade 79');
insert into meio values (2, 'Meio 2', 'Entidade 79');
insert into meio values (0, 'Meio 0', 'Entidade 80');
insert into meio values (0, 'Meio 0', 'Entidade 81');
insert into meio values (1, 'Meio 1', 'Entidade 81');
insert into meio values (2, 'Meio 2', 'Entidade 81');
insert into meio values (3, 'Meio 3', 'Entidade 81');
insert into meio values (4, 'Meio 4', 'Entidade 81');
insert into meio values (0, 'Meio 0', 'Entidade 82');
insert into meio values (0, 'Meio 0', 'Entidade 83');
insert into meio values (1, 'Meio 1', 'Entidade 83');
insert into meio values (2, 'Meio 2', 'Entidade 83');
insert into meio values (0, 'Meio 0', 'Entidade 84');
insert into meio values (1, 'Meio 1', 'Entidade 84');
insert into meio values (2, 'Meio 2', 'Entidade 84');
insert into meio values (0, 'Meio 0', 'Entidade 85');
insert into meio values (1, 'Meio 1', 'Entidade 85');
insert into meio values (2, 'Meio 2', 'Entidade 85');
insert into meio values (3, 'Meio 3', 'Entidade 85');
insert into meio values (4, 'Meio 4', 'Entidade 85');
insert into meio values (5, 'Meio 5', 'Entidade 85');
insert into meio values (0, 'Meio 0', 'Entidade 86');
insert into meio values (1, 'Meio 1', 'Entidade 86');
insert into meio values (0, 'Meio 0', 'Entidade 88');
insert into meio values (1, 'Meio 1', 'Entidade 88');
insert into meio values (2, 'Meio 2', 'Entidade 88');
insert into meio values (3, 'Meio 3', 'Entidade 88');
insert into meio values (4, 'Meio 4', 'Entidade 88');
insert into meio values (0, 'Meio 0', 'Entidade 89');
insert into meio values (1, 'Meio 1', 'Entidade 89');
insert into meio values (2, 'Meio 2', 'Entidade 89');
insert into meio values (3, 'Meio 3', 'Entidade 89');
insert into meio values (4, 'Meio 4', 'Entidade 89');
insert into meio values (0, 'Meio 0', 'Entidade 90');
insert into meio values (0, 'Meio 0', 'Entidade 91');
insert into meio values (1, 'Meio 1', 'Entidade 91');
insert into meio values (2, 'Meio 2', 'Entidade 91');
insert into meio values (3, 'Meio 3', 'Entidade 91');
insert into meio values (4, 'Meio 4', 'Entidade 91');
insert into meio values (0, 'Meio 0', 'Entidade 92');
insert into meio values (1, 'Meio 1', 'Entidade 92');
insert into meio values (2, 'Meio 2', 'Entidade 92');
insert into meio values (3, 'Meio 3', 'Entidade 92');
insert into meio values (4, 'Meio 4', 'Entidade 92');
insert into meio values (0, 'Meio 0', 'Entidade 93');
insert into meio values (1, 'Meio 1', 'Entidade 93');
insert into meio values (2, 'Meio 2', 'Entidade 93');
insert into meio values (3, 'Meio 3', 'Entidade 93');
insert into meio values (4, 'Meio 4', 'Entidade 93');
insert into meio values (5, 'Meio 5', 'Entidade 93');
insert into meio values (0, 'Meio 0', 'Entidade 94');
insert into meio values (1, 'Meio 1', 'Entidade 94');
insert into meio values (2, 'Meio 2', 'Entidade 94');
insert into meio values (0, 'Meio 0', 'Entidade 95');
insert into meio values (1, 'Meio 1', 'Entidade 95');
insert into meio values (2, 'Meio 2', 'Entidade 95');
insert into meio values (3, 'Meio 3', 'Entidade 95');
insert into meio values (4, 'Meio 4', 'Entidade 95');
insert into meio values (5, 'Meio 5', 'Entidade 95');
insert into meio values (0, 'Meio 0', 'Entidade 96');
insert into meio values (1, 'Meio 1', 'Entidade 96');
insert into meio values (2, 'Meio 2', 'Entidade 96');
insert into meio values (3, 'Meio 3', 'Entidade 96');
insert into meio values (0, 'Meio 0', 'Entidade 97');
insert into meio values (1, 'Meio 1', 'Entidade 97');
insert into meio values (2, 'Meio 2', 'Entidade 97');
insert into meio values (3, 'Meio 3', 'Entidade 97');
insert into meio values (4, 'Meio 4', 'Entidade 97');
insert into meio values (0, 'Meio 0', 'Entidade 98');
insert into meio values (1, 'Meio 1', 'Entidade 98');
insert into meio values (2, 'Meio 2', 'Entidade 98');
insert into meio values (3, 'Meio 3', 'Entidade 98');
insert into meio values (4, 'Meio 4', 'Entidade 98');
insert into meio values (5, 'Meio 5', 'Entidade 98');
insert into meio values (0, 'Meio 0', 'Entidade 99');
insert into meio values (1, 'Meio 1', 'Entidade 99');
insert into meio values (2, 'Meio 2', 'Entidade 99');
insert into meio values (3, 'Meio 3', 'Entidade 99');
insert into meio values (4, 'Meio 4', 'Entidade 99');
insert into meio values (5, 'Meio 5', 'Entidade 99');


insert into meioCombate values (0, 'Entidade 13');
insert into meioCombate values (0, 'Entidade 60');
insert into meioCombate values (2, 'Entidade 81');
insert into meioCombate values (1, 'Entidade 79');
insert into meioCombate values (3, 'Entidade 66');
insert into meioCombate values (5, 'Entidade 4');
insert into meioCombate values (2, 'Entidade 48');
insert into meioCombate values (3, 'Entidade 50');
insert into meioCombate values (2, 'Entidade 57');
insert into meioCombate values (2, 'Entidade 22');
insert into meioCombate values (0, 'Entidade 5');
insert into meioCombate values (0, 'Entidade 35');
insert into meioCombate values (1, 'Entidade 17');
insert into meioCombate values (3, 'Entidade 97');
insert into meioCombate values (1, 'Entidade 1');
insert into meioCombate values (0, 'Entidade 34');
insert into meioCombate values (4, 'Entidade 28');
insert into meioCombate values (2, 'Entidade 5');
insert into meioCombate values (0, 'Entidade 68');
insert into meioCombate values (1, 'Entidade 8');
insert into meioCombate values (1, 'Entidade 12');
insert into meioCombate values (0, 'Entidade 79');
insert into meioCombate values (4, 'Entidade 54');
insert into meioCombate values (0, 'Entidade 40');
insert into meioCombate values (1, 'Entidade 33');
insert into meioCombate values (4, 'Entidade 89');
insert into meioCombate values (0, 'Entidade 66');
insert into meioCombate values (0, 'Entidade 47');
insert into meioCombate values (0, 'Entidade 1');
insert into meioCombate values (0, 'Entidade 75');
insert into meioCombate values (3, 'Entidade 44');
insert into meioCombate values (3, 'Entidade 96');
insert into meioCombate values (1, 'Entidade 60');
insert into meioCombate values (2, 'Entidade 99');
insert into meioCombate values (2, 'Entidade 60');
insert into meioCombate values (4, 'Entidade 62');
insert into meioCombate values (5, 'Entidade 43');
insert into meioCombate values (4, 'Entidade 85');
insert into meioCombate values (0, 'Entidade 27');
insert into meioCombate values (4, 'Entidade 98');
insert into meioCombate values (1, 'Entidade 77');
insert into meioCombate values (2, 'Entidade 88');
insert into meioCombate values (4, 'Entidade 25');
insert into meioCombate values (2, 'Entidade 89');
insert into meioCombate values (3, 'Entidade 16');
insert into meioCombate values (0, 'Entidade 86');
insert into meioCombate values (0, 'Entidade 2');
insert into meioCombate values (0, 'Entidade 70');
insert into meioCombate values (4, 'Entidade 4');
insert into meioCombate values (1, 'Entidade 40');
insert into meioCombate values (0, 'Entidade 33');
insert into meioCombate values (2, 'Entidade 38');
insert into meioCombate values (2, 'Entidade 77');
insert into meioCombate values (2, 'Entidade 53');
insert into meioCombate values (1, 'Entidade 42');
insert into meioCombate values (1, 'Entidade 68');
insert into meioCombate values (1, 'Entidade 55');
insert into meioCombate values (2, 'Entidade 98');
insert into meioCombate values (5, 'Entidade 25');
insert into meioCombate values (4, 'Entidade 60');
insert into meioCombate values (0, 'Entidade 56');
insert into meioCombate values (3, 'Entidade 89');
insert into meioCombate values (1, 'Entidade 19');
insert into meioCombate values (4, 'Entidade 1');
insert into meioCombate values (0, 'Entidade 78');
insert into meioCombate values (2, 'Entidade 93');
insert into meioCombate values (3, 'Entidade 98');
insert into meioCombate values (2, 'Entidade 12');
insert into meioCombate values (1, 'Entidade 75');
insert into meioCombate values (1, 'Entidade 86');
insert into meioCombate values (1, 'Entidade 11');
insert into meioCombate values (2, 'Entidade 95');
insert into meioCombate values (2, 'Entidade 50');
insert into meioCombate values (0, 'Entidade 29');
insert into meioCombate values (2, 'Entidade 66');
insert into meioCombate values (2, 'Entidade 91');
insert into meioCombate values (3, 'Entidade 99');
insert into meioCombate values (3, 'Entidade 85');
insert into meioCombate values (2, 'Entidade 17');
insert into meioCombate values (3, 'Entidade 4');
insert into meioCombate values (3, 'Entidade 54');
insert into meioCombate values (3, 'Entidade 43');
insert into meioCombate values (2, 'Entidade 62');
insert into meioCombate values (0, 'Entidade 53');
insert into meioCombate values (4, 'Entidade 44');
insert into meioCombate values (2, 'Entidade 13');
insert into meioCombate values (1, 'Entidade 62');
insert into meioCombate values (2, 'Entidade 19');
insert into meioCombate values (1, 'Entidade 63');
insert into meioCombate values (4, 'Entidade 97');
insert into meioCombate values (2, 'Entidade 83');
insert into meioCombate values (1, 'Entidade 15');
insert into meioCombate values (1, 'Entidade 81');
insert into meioCombate values (1, 'Entidade 88');
insert into meioCombate values (2, 'Entidade 16');
insert into meioCombate values (0, 'Entidade 42');
insert into meioCombate values (0, 'Entidade 62');
insert into meioCombate values (0, 'Entidade 89');
insert into meioCombate values (0, 'Entidade 8');
insert into meioCombate values (1, 'Entidade 53');
insert into meioCombate values (1, 'Entidade 44');
insert into meioCombate values (2, 'Entidade 56');
insert into meioCombate values (0, 'Entidade 10');
insert into meioCombate values (3, 'Entidade 46');
insert into meioCombate values (2, 'Entidade 46');
insert into meioCombate values (2, 'Entidade 74');
insert into meioCombate values (1, 'Entidade 74');
insert into meioCombate values (2, 'Entidade 21');
insert into meioCombate values (0, 'Entidade 91');
insert into meioCombate values (0, 'Entidade 4');
insert into meioCombate values (4, 'Entidade 48');
insert into meioCombate values (2, 'Entidade 61');
insert into meioCombate values (1, 'Entidade 66');
insert into meioCombate values (4, 'Entidade 10');
insert into meioCombate values (3, 'Entidade 53');
insert into meioCombate values (5, 'Entidade 95');
insert into meioCombate values (3, 'Entidade 74');
insert into meioCombate values (1, 'Entidade 98');
insert into meioCombate values (1, 'Entidade 61');
insert into meioCombate values (1, 'Entidade 50');


insert into meioApoio values (1, 'Entidade 96');
insert into meioApoio values (1, 'Entidade 10');
insert into meioApoio values (2, 'Entidade 85');
insert into meioApoio values (0, 'Entidade 30');
insert into meioApoio values (1, 'Entidade 28');
insert into meioApoio values (1, 'Entidade 27');
insert into meioApoio values (0, 'Entidade 9');
insert into meioApoio values (3, 'Entidade 88');
insert into meioApoio values (5, 'Entidade 85');
insert into meioApoio values (2, 'Entidade 94');
insert into meioApoio values (1, 'Entidade 24');
insert into meioApoio values (0, 'Entidade 55');
insert into meioApoio values (3, 'Entidade 25');
insert into meioApoio values (5, 'Entidade 28');
insert into meioApoio values (1, 'Entidade 56');
insert into meioApoio values (1, 'Entidade 23');
insert into meioApoio values (4, 'Entidade 48');
insert into meioApoio values (1, 'Entidade 9');
insert into meioApoio values (1, 'Entidade 91');
insert into meioApoio values (2, 'Entidade 24');
insert into meioApoio values (1, 'Entidade 43');
insert into meioApoio values (0, 'Entidade 24');
insert into meioApoio values (2, 'Entidade 35');
insert into meioApoio values (1, 'Entidade 45');
insert into meioApoio values (2, 'Entidade 42');
insert into meioApoio values (4, 'Entidade 93');
insert into meioApoio values (3, 'Entidade 47');
insert into meioApoio values (0, 'Entidade 50');
insert into meioApoio values (2, 'Entidade 70');
insert into meioApoio values (3, 'Entidade 10');
insert into meioApoio values (1, 'Entidade 84');
insert into meioApoio values (0, 'Entidade 17');
insert into meioApoio values (1, 'Entidade 70');
insert into meioApoio values (1, 'Entidade 93');
insert into meioApoio values (2, 'Entidade 97');
insert into meioApoio values (5, 'Entidade 99');
insert into meioApoio values (2, 'Entidade 47');
insert into meioApoio values (0, 'Entidade 96');
insert into meioApoio values (0, 'Entidade 16');
insert into meioApoio values (4, 'Entidade 11');
insert into meioApoio values (1, 'Entidade 18');
insert into meioApoio values (0, 'Entidade 43');
insert into meioApoio values (1, 'Entidade 57');
insert into meioApoio values (0, 'Entidade 94');
insert into meioApoio values (1, 'Entidade 47');
insert into meioApoio values (2, 'Entidade 54');
insert into meioApoio values (0, 'Entidade 73');
insert into meioApoio values (0, 'Entidade 77');
insert into meioApoio values (1, 'Entidade 97');
insert into meioApoio values (0, 'Entidade 46');
insert into meioApoio values (1, 'Entidade 98');
insert into meioApoio values (0, 'Entidade 52');
insert into meioApoio values (4, 'Entidade 73');
insert into meioApoio values (1, 'Entidade 54');
insert into meioApoio values (1, 'Entidade 13');
insert into meioApoio values (1, 'Entidade 74');
insert into meioApoio values (3, 'Entidade 21');
insert into meioApoio values (5, 'Entidade 10');
insert into meioApoio values (2, 'Entidade 21');
insert into meioApoio values (3, 'Entidade 81');
insert into meioApoio values (2, 'Entidade 56');
insert into meioApoio values (0, 'Entidade 11');
insert into meioApoio values (4, 'Entidade 81');
insert into meioApoio values (2, 'Entidade 18');
insert into meioApoio values (2, 'Entidade 73');
insert into meioApoio values (1, 'Entidade 85');
insert into meioApoio values (0, 'Entidade 20');
insert into meioApoio values (0, 'Entidade 21');
insert into meioApoio values (0, 'Entidade 88');
insert into meioApoio values (2, 'Entidade 15');
insert into meioApoio values (0, 'Entidade 44');
insert into meioApoio values (0, 'Entidade 25');
insert into meioApoio values (0, 'Entidade 14');
insert into meioApoio values (2, 'Entidade 92');
insert into meioApoio values (2, 'Entidade 61');
insert into meioApoio values (0, 'Entidade 36');
insert into meioApoio values (0, 'Entidade 41');
insert into meioApoio values (0, 'Entidade 92');
insert into meioApoio values (2, 'Entidade 9');
insert into meioApoio values (2, 'Entidade 11');
insert into meioApoio values (5, 'Entidade 73');
insert into meioApoio values (1, 'Entidade 89');
insert into meioApoio values (3, 'Entidade 74');
insert into meioApoio values (3, 'Entidade 48');
insert into meioApoio values (4, 'Entidade 43');
insert into meioApoio values (4, 'Entidade 13');
insert into meioApoio values (2, 'Entidade 46');
insert into meioApoio values (0, 'Entidade 10');
insert into meioApoio values (2, 'Entidade 44');
insert into meioApoio values (1, 'Entidade 83');
insert into meioApoio values (5, 'Entidade 95');
insert into meioApoio values (4, 'Entidade 74');
insert into meioApoio values (1, 'Entidade 25');
insert into meioApoio values (0, 'Entidade 28');
insert into meioApoio values (0, 'Entidade 19');
insert into meioApoio values (4, 'Entidade 91');
insert into meioApoio values (3, 'Entidade 12');
insert into meioApoio values (3, 'Entidade 1');
insert into meioApoio values (1, 'Entidade 73');
insert into meioApoio values (3, 'Entidade 62');
insert into meioApoio values (3, 'Entidade 92');
insert into meioApoio values (1, 'Entidade 30');
insert into meioApoio values (1, 'Entidade 1');
insert into meioApoio values (3, 'Entidade 4');
insert into meioApoio values (3, 'Entidade 46');
insert into meioApoio values (5, 'Entidade 93');
insert into meioApoio values (0, 'Entidade 98');
insert into meioApoio values (0, 'Entidade 47');
insert into meioApoio values (0, 'Entidade 93');
insert into meioApoio values (1, 'Entidade 8');
insert into meioApoio values (4, 'Entidade 62');
insert into meioApoio values (2, 'Entidade 62');
insert into meioApoio values (2, 'Entidade 50');
insert into meioApoio values (2, 'Entidade 88');
insert into meioApoio values (2, 'Entidade 99');
insert into meioApoio values (2, 'Entidade 66');
insert into meioApoio values (4, 'Entidade 60');
insert into meioApoio values (0, 'Entidade 63');
insert into meioApoio values (0, 'Entidade 6');
insert into meioApoio values (0, 'Entidade 78');
insert into meioApoio values (4, 'Entidade 44');


insert into meioSocorro values (1, 'Entidade 4');
insert into meioSocorro values (3, 'Entidade 13');
insert into meioSocorro values (3, 'Entidade 91');
insert into meioSocorro values (1, 'Entidade 22');
insert into meioSocorro values (0, 'Entidade 97');
insert into meioSocorro values (0, 'Entidade 95');
insert into meioSocorro values (4, 'Entidade 70');
insert into meioSocorro values (0, 'Entidade 22');
insert into meioSocorro values (4, 'Entidade 88');
insert into meioSocorro values (4, 'Entidade 10');
insert into meioSocorro values (0, 'Entidade 48');
insert into meioSocorro values (3, 'Entidade 57');
insert into meioSocorro values (3, 'Entidade 23');
insert into meioSocorro values (2, 'Entidade 1');
insert into meioSocorro values (1, 'Entidade 52');
insert into meioSocorro values (3, 'Entidade 22');
insert into meioSocorro values (2, 'Entidade 96');
insert into meioSocorro values (0, 'Entidade 99');
insert into meioSocorro values (0, 'Entidade 90');
insert into meioSocorro values (1, 'Entidade 46');
insert into meioSocorro values (3, 'Entidade 11');
insert into meioSocorro values (0, 'Entidade 12');
insert into meioSocorro values (0, 'Entidade 84');
insert into meioSocorro values (3, 'Entidade 70');
insert into meioSocorro values (0, 'Entidade 98');
insert into meioSocorro values (0, 'Entidade 63');
insert into meioSocorro values (3, 'Entidade 95');
insert into meioSocorro values (2, 'Entidade 79');
insert into meioSocorro values (0, 'Entidade 80');
insert into meioSocorro values (1, 'Entidade 14');
insert into meioSocorro values (1, 'Entidade 48');
insert into meioSocorro values (3, 'Entidade 93');
insert into meioSocorro values (3, 'Entidade 9');
insert into meioSocorro values (4, 'Entidade 47');
insert into meioSocorro values (0, 'Entidade 4');
insert into meioSocorro values (4, 'Entidade 17');
insert into meioSocorro values (5, 'Entidade 93');
insert into meioSocorro values (3, 'Entidade 24');
insert into meioSocorro values (1, 'Entidade 34');
insert into meioSocorro values (0, 'Entidade 82');
insert into meioSocorro values (1, 'Entidade 35');
insert into meioSocorro values (0, 'Entidade 85');
insert into meioSocorro values (3, 'Entidade 73');
insert into meioSocorro values (0, 'Entidade 61');
insert into meioSocorro values (1, 'Entidade 21');
insert into meioSocorro values (1, 'Entidade 95');
insert into meioSocorro values (0, 'Entidade 81');
insert into meioSocorro values (1, 'Entidade 16');
insert into meioSocorro values (4, 'Entidade 92');
insert into meioSocorro values (0, 'Entidade 26');
insert into meioSocorro values (0, 'Entidade 37');
insert into meioSocorro values (1, 'Entidade 94');
insert into meioSocorro values (0, 'Entidade 57');
insert into meioSocorro values (5, 'Entidade 98');
insert into meioSocorro values (0, 'Entidade 45');
insert into meioSocorro values (4, 'Entidade 99');
insert into meioSocorro values (0, 'Entidade 31');
insert into meioSocorro values (0, 'Entidade 23');
insert into meioSocorro values (2, 'Entidade 4');
insert into meioSocorro values (1, 'Entidade 92');
insert into meioSocorro values (0, 'Entidade 93');
insert into meioSocorro values (0, 'Entidade 64');
insert into meioSocorro values (1, 'Entidade 2');
insert into meioSocorro values (1, 'Entidade 44');
insert into meioSocorro values (2, 'Entidade 84');
insert into meioSocorro values (0, 'Entidade 83');
insert into meioSocorro values (0, 'Entidade 54');
insert into meioSocorro values (1, 'Entidade 20');
insert into meioSocorro values (1, 'Entidade 5');
insert into meioSocorro values (0, 'Entidade 0');
insert into meioSocorro values (2, 'Entidade 10');
insert into meioSocorro values (1, 'Entidade 99');
insert into meioSocorro values (2, 'Entidade 28');
insert into meioSocorro values (2, 'Entidade 23');
insert into meioSocorro values (2, 'Entidade 43');
insert into meioSocorro values (0, 'Entidade 91');
insert into meioSocorro values (1, 'Entidade 38');
insert into meioSocorro values (4, 'Entidade 12');
insert into meioSocorro values (2, 'Entidade 20');
insert into meioSocorro values (5, 'Entidade 74');
insert into meioSocorro values (0, 'Entidade 18');
insert into meioSocorro values (1, 'Entidade 50');
insert into meioSocorro values (1, 'Entidade 30');
insert into meioSocorro values (1, 'Entidade 0');
insert into meioSocorro values (3, 'Entidade 28');
insert into meioSocorro values (3, 'Entidade 60');
insert into meioSocorro values (2, 'Entidade 25');
insert into meioSocorro values (1, 'Entidade 37');
insert into meioSocorro values (2, 'Entidade 27');
insert into meioSocorro values (3, 'Entidade 53');
insert into meioSocorro values (3, 'Entidade 17');
insert into meioSocorro values (2, 'Entidade 74');
insert into meioSocorro values (0, 'Entidade 15');
insert into meioSocorro values (4, 'Entidade 95');
insert into meioSocorro values (0, 'Entidade 74');
insert into meioSocorro values (1, 'Entidade 61');
insert into meioSocorro values (0, 'Entidade 38');
insert into meioSocorro values (3, 'Entidade 46');
insert into meioSocorro values (0, 'Entidade 6');
insert into meioSocorro values (5, 'Entidade 13');
insert into meioSocorro values (1, 'Entidade 66');
insert into meioSocorro values (1, 'Entidade 68');
insert into meioSocorro values (0, 'Entidade 44');
insert into meioSocorro values (4, 'Entidade 1');
insert into meioSocorro values (0, 'Entidade 24');
insert into meioSocorro values (4, 'Entidade 73');
insert into meioSocorro values (1, 'Entidade 40');
insert into meioSocorro values (2, 'Entidade 18');
insert into meioSocorro values (0, 'Entidade 75');
insert into meioSocorro values (2, 'Entidade 17');
insert into meioSocorro values (1, 'Entidade 15');
insert into meioSocorro values (2, 'Entidade 54');
insert into meioSocorro values (2, 'Entidade 15');
insert into meioSocorro values (1, 'Entidade 63');
insert into meioSocorro values (2, 'Entidade 48');
insert into meioSocorro values (1, 'Entidade 11');
insert into meioSocorro values (0, 'Entidade 56');
insert into meioSocorro values (2, 'Entidade 22');
insert into meioSocorro values (2, 'Entidade 13');
insert into meioSocorro values (4, 'Entidade 11');
insert into meioSocorro values (1, 'Entidade 96');


insert into transporta values (1, 'Entidade 40', 1, 628174817);
insert into transporta values (1, 'Entidade 0', 2, 412656386);
insert into transporta values (4, 'Entidade 1', 2, 900746480);
insert into transporta values (1, 'Entidade 30', 5, 973848985);
insert into transporta values (1, 'Entidade 21', 4, 397757919);
insert into transporta values (4, 'Entidade 11', 4, 67298573);
insert into transporta values (3, 'Entidade 60', 2, 96047391);
insert into transporta values (0, 'Entidade 99', 5, 112352170);
insert into transporta values (1, 'Entidade 16', 4, 650471126);
insert into transporta values (2, 'Entidade 20', 1, 342356350);
insert into transporta values (2, 'Entidade 10', 1, 900746480);
insert into transporta values (0, 'Entidade 48', 3, 449089650);
insert into transporta values (2, 'Entidade 79', 0, 140643046);
insert into transporta values (2, 'Entidade 22', 0, 909615606);
insert into transporta values (0, 'Entidade 6', 3, 719544802);
insert into transporta values (3, 'Entidade 9', 0, 412656386);
insert into transporta values (4, 'Entidade 17', 2, 397757919);
insert into transporta values (1, 'Entidade 40', 5, 742110647);
insert into transporta values (1, 'Entidade 99', 0, 711482593);
insert into transporta values (4, 'Entidade 88', 1, 792208270);
insert into transporta values (1, 'Entidade 96', 4, 650471126);
insert into transporta values (2, 'Entidade 20', 4, 246188521);
insert into transporta values (0, 'Entidade 4', 2, 46295645);
insert into transporta values (5, 'Entidade 13', 2, 857210900);
insert into transporta values (0, 'Entidade 12', 2, 982873966);
insert into transporta values (4, 'Entidade 12', 0, 520287012);
insert into transporta values (0, 'Entidade 31', 2, 181124829);
insert into transporta values (0, 'Entidade 63', 1, 39164974);
insert into transporta values (0, 'Entidade 22', 1, 982873966);
insert into transporta values (0, 'Entidade 85', 3, 635997867);
insert into transporta values (0, 'Entidade 12', 1, 599055160);
insert into transporta values (0, 'Entidade 22', 2, 397757919);
insert into transporta values (3, 'Entidade 95', 0, 807374152);
insert into transporta values (0, 'Entidade 37', 4, 1225935);
insert into transporta values (3, 'Entidade 28', 0, 328226143);
insert into transporta values (0, 'Entidade 93', 5, 39164974);
insert into transporta values (0, 'Entidade 98', 1, 866583934);
insert into transporta values (0, 'Entidade 0', 3, 450733947);
insert into transporta values (1, 'Entidade 48', 3, 328226143);
insert into transporta values (0, 'Entidade 85', 2, 397757919);
insert into transporta values (4, 'Entidade 47', 4, 246188521);
insert into transporta values (0, 'Entidade 6', 5, 711450624);
insert into transporta values (1, 'Entidade 38', 5, 654886892);
insert into transporta values (3, 'Entidade 22', 4, 16555157);
insert into transporta values (4, 'Entidade 73', 4, 619869831);
insert into transporta values (0, 'Entidade 23', 4, 200683615);
insert into transporta values (2, 'Entidade 74', 1, 982873966);
insert into transporta values (0, 'Entidade 95', 2, 642368004);
insert into transporta values (2, 'Entidade 1', 3, 719544802);
insert into transporta values (1, 'Entidade 44', 3, 807374152);
insert into transporta values (4, 'Entidade 11', 1, 982873966);
insert into transporta values (3, 'Entidade 11', 1, 16555157);
insert into transporta values (0, 'Entidade 91', 1, 857210900);
insert into transporta values (0, 'Entidade 26', 4, 251453408);
insert into transporta values (2, 'Entidade 43', 1, 650471126);
insert into transporta values (2, 'Entidade 20', 0, 264211739);
insert into transporta values (2, 'Entidade 23', 3, 650570084);
insert into transporta values (1, 'Entidade 40', 5, 765101878);
insert into transporta values (5, 'Entidade 93', 2, 133078626);
insert into transporta values (0, 'Entidade 23', 1, 682306662);
insert into transporta values (1, 'Entidade 99', 4, 520287012);
insert into transporta values (1, 'Entidade 40', 0, 166777657);
insert into transporta values (2, 'Entidade 74', 1, 449089650);
insert into transporta values (1, 'Entidade 0', 3, 642368004);
insert into transporta values (4, 'Entidade 10', 4, 96047391);
insert into transporta values (3, 'Entidade 13', 0, 771501037);
insert into transporta values (1, 'Entidade 11', 0, 482398962);
insert into transporta values (2, 'Entidade 27', 2, 200707688);
insert into transporta values (1, 'Entidade 95', 2, 667268600);
insert into transporta values (3, 'Entidade 24', 1, 968197264);
insert into transporta values (2, 'Entidade 54', 2, 408945657);
insert into transporta values (0, 'Entidade 97', 4, 667268600);
insert into transporta values (1, 'Entidade 52', 3, 994665551);
insert into transporta values (5, 'Entidade 13', 3, 199967829);
insert into transporta values (4, 'Entidade 12', 4, 143363578);
insert into transporta values (4, 'Entidade 47', 1, 4946012);
insert into transporta values (1, 'Entidade 92', 2, 948722126);
insert into transporta values (0, 'Entidade 0', 2, 973848985);
insert into transporta values (2, 'Entidade 27', 0, 258639306);
insert into transporta values (0, 'Entidade 74', 0, 16555157);
insert into transporta values (0, 'Entidade 37', 5, 143363578);
insert into transporta values (2, 'Entidade 84', 5, 619869831);
insert into transporta values (0, 'Entidade 23', 0, 450733947);
insert into transporta values (0, 'Entidade 63', 2, 449089650);
insert into transporta values (2, 'Entidade 18', 0, 121296576);
insert into transporta values (0, 'Entidade 97', 0, 364295031);
insert into transporta values (2, 'Entidade 27', 4, 399220558);
insert into transporta values (0, 'Entidade 6', 3, 246188521);
insert into transporta values (1, 'Entidade 40', 1, 17647147);
insert into transporta values (2, 'Entidade 96', 2, 719544802);
insert into transporta values (2, 'Entidade 54', 5, 611007231);
insert into transporta values (0, 'Entidade 63', 2, 96047391);
insert into transporta values (4, 'Entidade 11', 5, 994665551);
insert into transporta values (4, 'Entidade 73', 4, 348747537);
insert into transporta values (3, 'Entidade 73', 2, 765101878);
insert into transporta values (3, 'Entidade 17', 0, 476035741);
insert into transporta values (2, 'Entidade 4', 1, 124206408);
insert into transporta values (2, 'Entidade 27', 2, 397757919);
insert into transporta values (4, 'Entidade 11', 0, 200683615);
insert into transporta values (1, 'Entidade 20', 3, 635997867);


insert into alocado values (0, 'Entidade 73', '01:01:01', 348747537);
insert into alocado values (0, 'Entidade 19', '01:01:01', 166777657);
insert into alocado values (5, 'Entidade 10', '01:01:01', 450733947);
insert into alocado values (1, 'Entidade 10', '01:01:01', 67298573);
insert into alocado values (1, 'Entidade 24', '01:01:01', 364295031);
insert into alocado values (3, 'Entidade 25', '01:01:01', 397399200);
insert into alocado values (2, 'Entidade 42', '01:01:01', 408945657);
insert into alocado values (1, 'Entidade 18', '01:01:01', 711482593);
insert into alocado values (0, 'Entidade 41', '01:01:01', 523569284);
insert into alocado values (5, 'Entidade 10', '01:01:01', 279286595);
insert into alocado values (3, 'Entidade 1', '01:01:01', 348747537);
insert into alocado values (1, 'Entidade 18', '01:01:01', 16555157);
insert into alocado values (4, 'Entidade 91', '01:01:01', 866583934);
insert into alocado values (1, 'Entidade 96', '01:01:01', 468765121);
insert into alocado values (1, 'Entidade 24', '01:01:01', 802473530);
insert into alocado values (0, 'Entidade 63', '01:01:01', 792208270);
insert into alocado values (4, 'Entidade 13', '01:01:01', 397757919);
insert into alocado values (0, 'Entidade 94', '01:01:01', 124206408);
insert into alocado values (1, 'Entidade 25', '01:01:01', 279286595);
insert into alocado values (5, 'Entidade 73', '01:01:01', 642368004);
insert into alocado values (2, 'Entidade 21', '01:01:01', 1225935);
insert into alocado values (2, 'Entidade 44', '01:01:01', 778716833);
insert into alocado values (2, 'Entidade 35', '01:01:01', 809538605);
insert into alocado values (3, 'Entidade 1', '01:01:01', 406074082);
insert into alocado values (0, 'Entidade 20', '01:01:01', 181124829);
insert into alocado values (0, 'Entidade 24', '01:01:01', 374188075);
insert into alocado values (2, 'Entidade 97', '01:01:01', 857210900);
insert into alocado values (1, 'Entidade 9', '01:01:01', 742110647);
insert into alocado values (1, 'Entidade 47', '01:01:01', 113489433);
insert into alocado values (5, 'Entidade 85', '01:01:01', 199967829);
insert into alocado values (1, 'Entidade 30', '01:01:01', 382833199);
insert into alocado values (0, 'Entidade 28', '01:01:01', 408945657);
insert into alocado values (3, 'Entidade 88', '01:01:01', 492494409);
insert into alocado values (2, 'Entidade 85', '01:01:01', 474409965);
insert into alocado values (0, 'Entidade 30', '01:01:01', 771501037);
insert into alocado values (2, 'Entidade 92', '01:01:01', 153637049);
insert into alocado values (4, 'Entidade 48', '01:01:01', 413510246);
insert into alocado values (2, 'Entidade 46', '01:01:01', 382833199);
insert into alocado values (2, 'Entidade 50', '01:01:01', 449089650);
insert into alocado values (0, 'Entidade 93', '01:01:01', 129463186);
insert into alocado values (1, 'Entidade 89', '01:01:01', 948722126);
insert into alocado values (1, 'Entidade 84', '01:01:01', 625143324);
insert into alocado values (0, 'Entidade 98', '01:01:01', 153637049);
insert into alocado values (1, 'Entidade 54', '01:01:01', 742110647);
insert into alocado values (5, 'Entidade 99', '01:01:01', 258639306);
insert into alocado values (0, 'Entidade 19', '01:01:01', 264211739);
insert into alocado values (0, 'Entidade 73', '01:01:01', 520287012);
insert into alocado values (1, 'Entidade 9', '01:01:01', 382833199);
insert into alocado values (1, 'Entidade 1', '01:01:01', 200683615);
insert into alocado values (2, 'Entidade 61', '01:01:01', 124206408);
insert into alocado values (0, 'Entidade 25', '01:01:01', 449089650);
insert into alocado values (1, 'Entidade 27', '01:01:01', 181124829);
insert into alocado values (0, 'Entidade 6', '01:01:01', 474409965);
insert into alocado values (0, 'Entidade 16', '01:01:01', 348747537);
insert into alocado values (2, 'Entidade 94', '01:01:01', 520287012);
insert into alocado values (2, 'Entidade 73', '01:01:01', 279286595);
insert into alocado values (3, 'Entidade 46', '01:01:01', 575353000);
insert into alocado values (1, 'Entidade 9', '01:01:01', 408945657);
insert into alocado values (0, 'Entidade 16', '01:01:01', 246188521);
insert into alocado values (2, 'Entidade 21', '01:01:01', 642368004);
insert into alocado values (1, 'Entidade 83', '01:01:01', 374188075);
insert into alocado values (1, 'Entidade 30', '01:01:01', 476035741);
insert into alocado values (0, 'Entidade 55', '01:01:01', 611007231);
insert into alocado values (5, 'Entidade 73', '01:01:01', 628174817);
insert into alocado values (1, 'Entidade 74', '01:01:01', 886274906);
insert into alocado values (3, 'Entidade 88', '01:01:01', 650471126);
insert into alocado values (2, 'Entidade 18', '01:01:01', 258639306);
insert into alocado values (1, 'Entidade 57', '01:01:01', 364295031);
insert into alocado values (1, 'Entidade 28', '01:01:01', 348747537);
insert into alocado values (1, 'Entidade 83', '01:01:01', 642368004);
insert into alocado values (0, 'Entidade 47', '01:01:01', 778716833);
insert into alocado values (2, 'Entidade 61', '01:01:01', 711450624);
insert into alocado values (0, 'Entidade 47', '01:01:01', 619869831);
insert into alocado values (3, 'Entidade 4', '01:01:01', 628174817);
insert into alocado values (0, 'Entidade 10', '01:01:01', 364295031);
insert into alocado values (0, 'Entidade 19', '01:01:01', 642368004);
insert into alocado values (3, 'Entidade 12', '01:01:01', 96047391);
insert into alocado values (0, 'Entidade 93', '01:01:01', 16555157);
insert into alocado values (3, 'Entidade 81', '01:01:01', 1225935);
insert into alocado values (0, 'Entidade 11', '01:01:01', 200683615);
insert into alocado values (0, 'Entidade 36', '01:01:01', 342356350);
insert into alocado values (3, 'Entidade 81', '01:01:01', 792208270);
insert into alocado values (0, 'Entidade 14', '01:01:01', 1225935);
insert into alocado values (1, 'Entidade 96', '01:01:01', 583562911);
insert into alocado values (0, 'Entidade 94', '01:01:01', 356363713);
insert into alocado values (1, 'Entidade 28', '01:01:01', 124206408);
insert into alocado values (1, 'Entidade 85', '01:01:01', 909615606);
insert into alocado values (1, 'Entidade 97', '01:01:01', 199967829);
insert into alocado values (0, 'Entidade 55', '01:01:01', 482398962);
insert into alocado values (0, 'Entidade 9', '01:01:01', 523569284);
insert into alocado values (2, 'Entidade 56', '01:01:01', 654886892);
insert into alocado values (0, 'Entidade 30', '01:01:01', 246188521);
insert into alocado values (1, 'Entidade 98', '01:01:01', 596854820);
insert into alocado values (3, 'Entidade 4', '01:01:01', 279286595);
insert into alocado values (1, 'Entidade 13', '01:01:01', 583562911);
insert into alocado values (1, 'Entidade 91', '01:01:01', 807374152);
insert into alocado values (1, 'Entidade 27', '01:01:01', 281181046);
insert into alocado values (4, 'Entidade 60', '01:01:01', 809538605);
insert into alocado values (4, 'Entidade 93', '01:01:01', 628174817);
insert into alocado values (0, 'Entidade 28', '01:01:01', 611007231);


insert into acciona values (1, 'Entidade 40', 628174817);
insert into acciona values (1, 'Entidade 0', 412656386);
insert into acciona values (4, 'Entidade 1', 900746480);
insert into acciona values (1, 'Entidade 30', 973848985);
insert into acciona values (1, 'Entidade 21', 397757919);
insert into acciona values (4, 'Entidade 11', 67298573);
insert into acciona values (3, 'Entidade 60', 96047391);
insert into acciona values (0, 'Entidade 99', 112352170);
insert into acciona values (1, 'Entidade 16', 650471126);
insert into acciona values (2, 'Entidade 20', 342356350);
insert into acciona values (2, 'Entidade 10', 900746480);
insert into acciona values (0, 'Entidade 48', 449089650);
insert into acciona values (2, 'Entidade 79', 140643046);
insert into acciona values (2, 'Entidade 22', 909615606);
insert into acciona values (0, 'Entidade 6', 719544802);
insert into acciona values (3, 'Entidade 9', 412656386);
insert into acciona values (4, 'Entidade 17', 397757919);
insert into acciona values (1, 'Entidade 40', 742110647);
insert into acciona values (1, 'Entidade 99', 711482593);
insert into acciona values (4, 'Entidade 88', 792208270);
insert into acciona values (1, 'Entidade 96', 650471126);
insert into acciona values (2, 'Entidade 20', 246188521);
insert into acciona values (0, 'Entidade 4', 46295645);
insert into acciona values (5, 'Entidade 13', 857210900);
insert into acciona values (0, 'Entidade 12', 982873966);
insert into acciona values (4, 'Entidade 12', 520287012);
insert into acciona values (0, 'Entidade 31', 181124829);
insert into acciona values (0, 'Entidade 63', 39164974);
insert into acciona values (0, 'Entidade 22', 982873966);
insert into acciona values (0, 'Entidade 85', 635997867);
insert into acciona values (0, 'Entidade 12', 599055160);
insert into acciona values (0, 'Entidade 22', 397757919);
insert into acciona values (3, 'Entidade 95', 807374152);
insert into acciona values (0, 'Entidade 37', 1225935);
insert into acciona values (3, 'Entidade 28', 328226143);
insert into acciona values (0, 'Entidade 93', 39164974);
insert into acciona values (0, 'Entidade 98', 866583934);
insert into acciona values (0, 'Entidade 0', 450733947);
insert into acciona values (1, 'Entidade 48', 328226143);
insert into acciona values (0, 'Entidade 85', 397757919);
insert into acciona values (4, 'Entidade 47', 246188521);
insert into acciona values (0, 'Entidade 6', 711450624);
insert into acciona values (1, 'Entidade 38', 654886892);
insert into acciona values (3, 'Entidade 22', 16555157);
insert into acciona values (4, 'Entidade 73', 619869831);
insert into acciona values (0, 'Entidade 23', 200683615);
insert into acciona values (2, 'Entidade 74', 982873966);
insert into acciona values (0, 'Entidade 95', 642368004);
insert into acciona values (2, 'Entidade 1', 719544802);
insert into acciona values (1, 'Entidade 44', 807374152);
insert into acciona values (4, 'Entidade 11', 982873966);
insert into acciona values (3, 'Entidade 11', 16555157);
insert into acciona values (0, 'Entidade 91', 857210900);
insert into acciona values (0, 'Entidade 26', 251453408);
insert into acciona values (2, 'Entidade 43', 650471126);
insert into acciona values (2, 'Entidade 20', 264211739);
insert into acciona values (2, 'Entidade 23', 650570084);
insert into acciona values (1, 'Entidade 40', 765101878);
insert into acciona values (5, 'Entidade 93', 133078626);
insert into acciona values (0, 'Entidade 23', 682306662);
insert into acciona values (1, 'Entidade 99', 520287012);
insert into acciona values (1, 'Entidade 40', 166777657);
insert into acciona values (2, 'Entidade 74', 449089650);
insert into acciona values (1, 'Entidade 0', 642368004);
insert into acciona values (4, 'Entidade 10', 96047391);
insert into acciona values (3, 'Entidade 13', 771501037);
insert into acciona values (1, 'Entidade 11', 482398962);
insert into acciona values (2, 'Entidade 27', 200707688);
insert into acciona values (1, 'Entidade 95', 667268600);
insert into acciona values (3, 'Entidade 24', 968197264);
insert into acciona values (2, 'Entidade 54', 408945657);
insert into acciona values (0, 'Entidade 97', 667268600);
insert into acciona values (1, 'Entidade 52', 994665551);
insert into acciona values (5, 'Entidade 13', 199967829);
insert into acciona values (4, 'Entidade 12', 143363578);
insert into acciona values (4, 'Entidade 47', 4946012);
insert into acciona values (1, 'Entidade 92', 948722126);
insert into acciona values (0, 'Entidade 0', 973848985);
insert into acciona values (2, 'Entidade 27', 258639306);
insert into acciona values (0, 'Entidade 74', 16555157);
insert into acciona values (0, 'Entidade 37', 143363578);
insert into acciona values (2, 'Entidade 84', 619869831);
insert into acciona values (0, 'Entidade 23', 450733947);
insert into acciona values (0, 'Entidade 63', 449089650);
insert into acciona values (2, 'Entidade 18', 121296576);
insert into acciona values (0, 'Entidade 97', 364295031);
insert into acciona values (2, 'Entidade 27', 399220558);
insert into acciona values (0, 'Entidade 6', 246188521);
insert into acciona values (1, 'Entidade 40', 17647147);
insert into acciona values (2, 'Entidade 96', 719544802);
insert into acciona values (2, 'Entidade 54', 611007231);
insert into acciona values (0, 'Entidade 63', 96047391);
insert into acciona values (4, 'Entidade 11', 994665551);
insert into acciona values (4, 'Entidade 73', 348747537);
insert into acciona values (3, 'Entidade 73', 765101878);
insert into acciona values (3, 'Entidade 17', 476035741);
insert into acciona values (2, 'Entidade 4', 124206408);
insert into acciona values (2, 'Entidade 27', 397757919);
insert into acciona values (4, 'Entidade 11', 200683615);
insert into acciona values (1, 'Entidade 20', 635997867);
insert into acciona values (0, 'Entidade 73', 348747537);
insert into acciona values (0, 'Entidade 19', 166777657);
insert into acciona values (5, 'Entidade 10', 450733947);
insert into acciona values (1, 'Entidade 10', 67298573);
insert into acciona values (1, 'Entidade 24', 364295031);
insert into acciona values (3, 'Entidade 25', 397399200);
insert into acciona values (2, 'Entidade 42', 408945657);
insert into acciona values (1, 'Entidade 18', 711482593);
insert into acciona values (0, 'Entidade 41', 523569284);
insert into acciona values (5, 'Entidade 10', 279286595);
insert into acciona values (3, 'Entidade 1', 348747537);
insert into acciona values (1, 'Entidade 18', 16555157);
insert into acciona values (4, 'Entidade 91', 866583934);
insert into acciona values (1, 'Entidade 96', 468765121);
insert into acciona values (1, 'Entidade 24', 802473530);
insert into acciona values (0, 'Entidade 63', 792208270);
insert into acciona values (4, 'Entidade 13', 397757919);
insert into acciona values (0, 'Entidade 94', 124206408);
insert into acciona values (1, 'Entidade 25', 279286595);
insert into acciona values (5, 'Entidade 73', 642368004);
insert into acciona values (2, 'Entidade 21', 1225935);
insert into acciona values (2, 'Entidade 44', 778716833);
insert into acciona values (2, 'Entidade 35', 809538605);
insert into acciona values (3, 'Entidade 1', 406074082);
insert into acciona values (0, 'Entidade 20', 181124829);
insert into acciona values (0, 'Entidade 24', 374188075);
insert into acciona values (2, 'Entidade 97', 857210900);
insert into acciona values (1, 'Entidade 9', 742110647);
insert into acciona values (1, 'Entidade 47', 113489433);
insert into acciona values (5, 'Entidade 85', 199967829);
insert into acciona values (1, 'Entidade 30', 382833199);
insert into acciona values (0, 'Entidade 28', 408945657);
insert into acciona values (3, 'Entidade 88', 492494409);
insert into acciona values (2, 'Entidade 85', 474409965);
insert into acciona values (0, 'Entidade 30', 771501037);
insert into acciona values (2, 'Entidade 92', 153637049);
insert into acciona values (4, 'Entidade 48', 413510246);
insert into acciona values (2, 'Entidade 46', 382833199);
insert into acciona values (2, 'Entidade 50', 449089650);
insert into acciona values (0, 'Entidade 93', 129463186);
insert into acciona values (1, 'Entidade 89', 948722126);
insert into acciona values (1, 'Entidade 84', 625143324);
insert into acciona values (0, 'Entidade 98', 153637049);
insert into acciona values (1, 'Entidade 54', 742110647);
insert into acciona values (5, 'Entidade 99', 258639306);
insert into acciona values (0, 'Entidade 19', 264211739);
insert into acciona values (0, 'Entidade 73', 520287012);
insert into acciona values (1, 'Entidade 9', 382833199);
insert into acciona values (1, 'Entidade 1', 200683615);
insert into acciona values (2, 'Entidade 61', 124206408);
insert into acciona values (0, 'Entidade 25', 449089650);
insert into acciona values (1, 'Entidade 27', 181124829);
insert into acciona values (0, 'Entidade 6', 474409965);
insert into acciona values (0, 'Entidade 16', 348747537);
insert into acciona values (2, 'Entidade 94', 520287012);
insert into acciona values (2, 'Entidade 73', 279286595);
insert into acciona values (3, 'Entidade 46', 575353000);
insert into acciona values (1, 'Entidade 9', 408945657);
insert into acciona values (0, 'Entidade 16', 246188521);
insert into acciona values (2, 'Entidade 21', 642368004);
insert into acciona values (1, 'Entidade 83', 374188075);
insert into acciona values (1, 'Entidade 30', 476035741);
insert into acciona values (0, 'Entidade 55', 611007231);
insert into acciona values (5, 'Entidade 73', 628174817);
insert into acciona values (1, 'Entidade 74', 886274906);
insert into acciona values (3, 'Entidade 88', 650471126);
insert into acciona values (2, 'Entidade 18', 258639306);
insert into acciona values (1, 'Entidade 57', 364295031);
insert into acciona values (1, 'Entidade 28', 348747537);
insert into acciona values (1, 'Entidade 83', 642368004);
insert into acciona values (0, 'Entidade 47', 778716833);
insert into acciona values (2, 'Entidade 61', 711450624);
insert into acciona values (0, 'Entidade 47', 619869831);
insert into acciona values (3, 'Entidade 4', 628174817);
insert into acciona values (0, 'Entidade 10', 364295031);
insert into acciona values (0, 'Entidade 19', 642368004);
insert into acciona values (3, 'Entidade 12', 96047391);
insert into acciona values (0, 'Entidade 93', 16555157);
insert into acciona values (3, 'Entidade 81', 1225935);
insert into acciona values (0, 'Entidade 11', 200683615);
insert into acciona values (0, 'Entidade 36', 342356350);
insert into acciona values (3, 'Entidade 81', 792208270);
insert into acciona values (0, 'Entidade 14', 1225935);
insert into acciona values (1, 'Entidade 96', 583562911);
insert into acciona values (0, 'Entidade 94', 356363713);
insert into acciona values (1, 'Entidade 28', 124206408);
insert into acciona values (1, 'Entidade 85', 909615606);
insert into acciona values (1, 'Entidade 97', 199967829);
insert into acciona values (0, 'Entidade 55', 482398962);
insert into acciona values (0, 'Entidade 9', 523569284);
insert into acciona values (2, 'Entidade 56', 654886892);
insert into acciona values (0, 'Entidade 30', 246188521);
insert into acciona values (1, 'Entidade 98', 596854820);
insert into acciona values (3, 'Entidade 4', 279286595);
insert into acciona values (1, 'Entidade 13', 583562911);
insert into acciona values (1, 'Entidade 91', 807374152);
insert into acciona values (1, 'Entidade 27', 281181046);
insert into acciona values (4, 'Entidade 60', 809538605);
insert into acciona values (4, 'Entidade 93', 628174817);
insert into acciona values (0, 'Entidade 28', 611007231);
insert into acciona values (2, 'Entidade 99', 281181046);
insert into acciona values (2, 'Entidade 21', 413510246);
insert into acciona values (2, 'Entidade 46', 153637049);
insert into acciona values (2, 'Entidade 48', 1225935);
insert into acciona values (0, 'Entidade 29', 771501037);
insert into acciona values (1, 'Entidade 63', 523569284);
insert into acciona values (2, 'Entidade 50', 583562911);
insert into acciona values (0, 'Entidade 79', 397399200);
insert into acciona values (1, 'Entidade 68', 279286595);
insert into acciona values (2, 'Entidade 66', 17647147);
insert into acciona values (3, 'Entidade 99', 374188075);
insert into acciona values (1, 'Entidade 81', 599055160);
insert into acciona values (4, 'Entidade 25', 619869831);
insert into acciona values (4, 'Entidade 4', 866583934);
insert into acciona values (0, 'Entidade 86', 650570084);
insert into acciona values (0, 'Entidade 1', 596854820);
insert into acciona values (3, 'Entidade 54', 523569284);
insert into acciona values (2, 'Entidade 21', 909615606);
insert into acciona values (1, 'Entidade 17', 63857533);
insert into acciona values (3, 'Entidade 43', 277829237);
insert into acciona values (5, 'Entidade 95', 692097708);
insert into acciona values (1, 'Entidade 55', 948722126);
insert into acciona values (0, 'Entidade 2', 258639306);
insert into acciona values (1, 'Entidade 11', 625143324);
insert into acciona values (0, 'Entidade 4', 382833199);
insert into acciona values (4, 'Entidade 85', 246188521);
insert into acciona values (0, 'Entidade 53', 17647147);
insert into acciona values (1, 'Entidade 98', 719509170);
insert into acciona values (2, 'Entidade 74', 474409965);
insert into acciona values (3, 'Entidade 53', 968197264);
insert into acciona values (4, 'Entidade 85', 397399200);
insert into acciona values (4, 'Entidade 4', 374188075);
insert into acciona values (3, 'Entidade 16', 802473530);
insert into acciona values (3, 'Entidade 50', 953974546);
insert into acciona values (5, 'Entidade 4', 809538605);
insert into acciona values (3, 'Entidade 89', 636785259);
insert into acciona values (2, 'Entidade 91', 140643046);
insert into acciona values (0, 'Entidade 78', 113489433);
insert into acciona values (2, 'Entidade 61', 719509170);
insert into acciona values (0, 'Entidade 70', 277829237);
insert into acciona values (0, 'Entidade 13', 140643046);
insert into acciona values (0, 'Entidade 53', 113489433);
insert into acciona values (2, 'Entidade 19', 46295645);
insert into acciona values (2, 'Entidade 66', 140643046);
insert into acciona values (4, 'Entidade 28', 1225935);
insert into acciona values (2, 'Entidade 5', 583562911);
insert into acciona values (3, 'Entidade 43', 682306662);
insert into acciona values (2, 'Entidade 16', 449089650);
insert into acciona values (2, 'Entidade 50', 166777657);
insert into acciona values (0, 'Entidade 33', 339055383);
insert into acciona values (0, 'Entidade 5', 711482593);
insert into acciona values (2, 'Entidade 60', 866583934);
insert into acciona values (2, 'Entidade 22', 121296576);
insert into acciona values (1, 'Entidade 61', 520287012);
insert into acciona values (1, 'Entidade 62', 16555157);
insert into acciona values (1, 'Entidade 86', 474409965);
insert into acciona values (2, 'Entidade 22', 625143324);
insert into acciona values (4, 'Entidade 62', 63857533);
insert into acciona values (2, 'Entidade 89', 642368004);
insert into acciona values (3, 'Entidade 4', 866583934);
insert into acciona values (1, 'Entidade 1', 650570084);
insert into acciona values (2, 'Entidade 53', 866583934);
insert into acciona values (3, 'Entidade 89', 857210900);
insert into acciona values (0, 'Entidade 34', 900746480);
insert into acciona values (4, 'Entidade 60', 129463186);
insert into acciona values (0, 'Entidade 1', 492494409);
insert into acciona values (0, 'Entidade 34', 562293758);
insert into acciona values (3, 'Entidade 66', 92139318);
insert into acciona values (0, 'Entidade 4', 356363713);
insert into acciona values (2, 'Entidade 74', 562293758);
insert into acciona values (0, 'Entidade 66', 667268600);
insert into acciona values (1, 'Entidade 55', 654886892);
insert into acciona values (2, 'Entidade 81', 711450624);
insert into acciona values (3, 'Entidade 54', 682306662);
insert into acciona values (3, 'Entidade 43', 628174817);
insert into acciona values (2, 'Entidade 56', 692097708);
insert into acciona values (3, 'Entidade 46', 719544802);
insert into acciona values (3, 'Entidade 74', 628174817);
insert into acciona values (5, 'Entidade 95', 771501037);
insert into acciona values (2, 'Entidade 61', 650471126);
insert into acciona values (3, 'Entidade 66', 397399200);
insert into acciona values (3, 'Entidade 53', 482398962);
insert into acciona values (4, 'Entidade 48', 399220558);
insert into acciona values (4, 'Entidade 62', 650570084);
insert into acciona values (2, 'Entidade 77', 67298573);
insert into acciona values (2, 'Entidade 98', 264211739);
insert into acciona values (2, 'Entidade 98', 619869831);
insert into acciona values (3, 'Entidade 85', 468765121);
insert into acciona values (2, 'Entidade 50', 476035741);
insert into acciona values (2, 'Entidade 98', 482398962);
insert into acciona values (1, 'Entidade 33', 4946012);
insert into acciona values (0, 'Entidade 2', 938812192);
insert into acciona values (0, 'Entidade 47', 692097708);
insert into acciona values (1, 'Entidade 86', 63857533);
insert into acciona values (3, 'Entidade 98', 408945657);
insert into acciona values (0, 'Entidade 33', 938812192);
insert into acciona values (1, 'Entidade 42', 886274906);
insert into acciona values (3, 'Entidade 96', 16555157);
insert into acciona values (3, 'Entidade 53', 264211739);
insert into acciona values (0, 'Entidade 5', 719509170);


insert into coordenador values (0);
insert into coordenador values (1);
insert into coordenador values (2);
insert into coordenador values (3);
insert into coordenador values (4);
insert into coordenador values (5);
insert into coordenador values (6);
insert into coordenador values (7);
insert into coordenador values (8);
insert into coordenador values (9);
insert into coordenador values (10);
insert into coordenador values (11);
insert into coordenador values (12);
insert into coordenador values (13);
insert into coordenador values (14);
insert into coordenador values (15);
insert into coordenador values (16);
insert into coordenador values (17);
insert into coordenador values (18);
insert into coordenador values (19);
insert into coordenador values (20);
insert into coordenador values (21);
insert into coordenador values (22);
insert into coordenador values (23);
insert into coordenador values (24);
insert into coordenador values (25);
insert into coordenador values (26);
insert into coordenador values (27);
insert into coordenador values (28);
insert into coordenador values (29);
insert into coordenador values (30);
insert into coordenador values (31);
insert into coordenador values (32);
insert into coordenador values (33);
insert into coordenador values (34);
insert into coordenador values (35);
insert into coordenador values (36);
insert into coordenador values (37);
insert into coordenador values (38);
insert into coordenador values (39);
insert into coordenador values (40);
insert into coordenador values (41);
insert into coordenador values (42);
insert into coordenador values (43);
insert into coordenador values (44);
insert into coordenador values (45);
insert into coordenador values (46);
insert into coordenador values (47);
insert into coordenador values (48);
insert into coordenador values (49);
insert into coordenador values (50);
insert into coordenador values (51);
insert into coordenador values (52);
insert into coordenador values (53);
insert into coordenador values (54);
insert into coordenador values (55);
insert into coordenador values (56);
insert into coordenador values (57);
insert into coordenador values (58);
insert into coordenador values (59);
insert into coordenador values (60);
insert into coordenador values (61);
insert into coordenador values (62);
insert into coordenador values (63);
insert into coordenador values (64);
insert into coordenador values (65);
insert into coordenador values (66);
insert into coordenador values (67);
insert into coordenador values (68);
insert into coordenador values (69);
insert into coordenador values (70);
insert into coordenador values (71);
insert into coordenador values (72);
insert into coordenador values (73);
insert into coordenador values (74);
insert into coordenador values (75);
insert into coordenador values (76);
insert into coordenador values (77);
insert into coordenador values (78);
insert into coordenador values (79);
insert into coordenador values (80);
insert into coordenador values (81);
insert into coordenador values (82);
insert into coordenador values (83);
insert into coordenador values (84);
insert into coordenador values (85);
insert into coordenador values (86);
insert into coordenador values (87);
insert into coordenador values (88);
insert into coordenador values (89);
insert into coordenador values (90);
insert into coordenador values (91);
insert into coordenador values (92);
insert into coordenador values (93);
insert into coordenador values (94);
insert into coordenador values (95);
insert into coordenador values (96);
insert into coordenador values (97);
insert into coordenador values (98);
insert into coordenador values (99);


insert into audita values (61, '2', 'Entidade 35', 809538605, '2018-01-23 13:49:24', '2018-07-21 13:34:20', '2019-05-04 02:05:12', 'ADSDSATEXTO');
insert into audita values (96, '4', 'Entidade 48', 413510246, '2018-03-05 09:58:34', '2018-11-12 21:58:36', '2019-09-02 01:26:12', 'ADSDSATEXTO');
insert into audita values (42, '4', 'Entidade 13', 397757919, '2018-03-22 23:31:44', '2018-06-25 21:24:55', '2019-02-13 16:59:43', 'ADSDSATEXTO');
insert into audita values (78, '4', 'Entidade 73', 348747537, '2018-09-14 12:28:57', '2018-11-04 20:10:39', '2019-07-26 03:59:54', 'ADSDSATEXTO');
insert into audita values (18, '1', 'Entidade 54', 742110647, '2018-02-28 21:44:52', '2018-10-06 19:33:39', '2019-07-21 06:43:32', 'ADSDSATEXTO');
insert into audita values (71, '2', 'Entidade 27', 397757919, '2018-01-23 21:21:09', '2018-06-10 11:40:39', '2019-05-14 17:28:08', 'ADSDSATEXTO');
insert into audita values (65, '4', 'Entidade 47', 4946012, '2018-01-22 21:38:16', '2018-07-12 01:18:22', '2019-02-27 18:54:22', 'ADSDSATEXTO');
insert into audita values (20, '2', 'Entidade 54', 408945657, '2018-03-14 03:11:16', '2018-09-19 01:51:41', '2019-05-21 19:36:35', 'ADSDSATEXTO');
insert into audita values (64, '1', 'Entidade 33', 4946012, '2018-01-28 07:35:54', '2018-11-21 16:41:49', '2019-03-02 22:07:37', 'ADSDSATEXTO');
insert into audita values (84, '2', 'Entidade 21', 413510246, '2018-09-15 13:05:09', '2018-11-15 17:24:11', '2019-11-17 06:30:52', 'ADSDSATEXTO');
insert into audita values (83, '3', 'Entidade 95', 807374152, '2018-01-04 21:51:11', '2018-09-11 06:48:05', '2019-07-14 21:29:11', 'ADSDSATEXTO');
insert into audita values (75, '1', 'Entidade 96', 650471126, '2018-02-04 17:22:09', '2018-08-25 16:59:33', '2019-08-19 21:40:52', 'ADSDSATEXTO');
insert into audita values (29, '3', 'Entidade 66', 92139318, '2018-02-08 14:51:49', '2018-11-28 16:33:08', '2019-06-20 23:08:24', 'ADSDSATEXTO');
insert into audita values (69, '2', 'Entidade 98', 482398962, '2018-03-29 19:59:05', '2018-04-30 05:36:19', '2019-08-16 10:38:12', 'ADSDSATEXTO');
insert into audita values (94, '0', 'Entidade 2', 938812192, '2018-11-19 17:32:56', '2018-11-28 12:34:18', '2019-11-05 15:26:16', 'ADSDSATEXTO');
insert into audita values (77, '2', 'Entidade 46', 382833199, '2018-03-02 07:45:04', '2018-11-18 19:12:52', '2019-05-10 11:12:27', 'ADSDSATEXTO');
insert into audita values (82, '1', 'Entidade 63', 523569284, '2018-07-08 09:35:13', '2018-10-25 12:20:09', '2019-04-08 09:03:53', 'ADSDSATEXTO');
insert into audita values (44, '1', 'Entidade 99', 520287012, '2018-09-26 09:52:57', '2018-11-15 06:50:06', '2019-10-14 17:22:42', 'ADSDSATEXTO');
insert into audita values (4, '0', 'Entidade 85', 397757919, '2018-01-28 19:53:28', '2018-10-27 02:42:13', '2019-04-11 07:34:19', 'ADSDSATEXTO');
insert into audita values (34, '3', 'Entidade 25', 397399200, '2018-03-28 03:25:46', '2018-11-24 23:09:51', '2019-02-11 01:30:55', 'ADSDSATEXTO');
insert into audita values (40, '2', 'Entidade 50', 166777657, '2018-04-13 06:58:16', '2018-10-28 22:09:21', '2019-04-08 16:54:54', 'ADSDSATEXTO');
insert into audita values (71, '1', 'Entidade 9', 382833199, '2018-05-24 07:12:13', '2018-11-10 22:26:23', '2019-01-28 11:38:05', 'ADSDSATEXTO');
insert into audita values (93, '3', 'Entidade 4', 866583934, '2018-08-28 06:49:01', '2018-11-30 17:11:32', '2019-11-18 21:58:18', 'ADSDSATEXTO');
insert into audita values (53, '1', 'Entidade 92', 948722126, '2018-05-24 17:11:04', '2018-11-06 23:59:55', '2019-10-11 19:42:03', 'ADSDSATEXTO');
insert into audita values (40, '1', 'Entidade 20', 635997867, '2018-07-01 22:02:32', '2018-09-03 09:21:31', '2019-05-21 23:02:34', 'ADSDSATEXTO');
insert into audita values (84, '0', 'Entidade 79', 397399200, '2018-05-13 12:49:49', '2018-11-03 21:38:41', '2019-08-24 19:57:41', 'ADSDSATEXTO');
insert into audita values (49, '0', 'Entidade 63', 449089650, '2018-01-07 09:29:45', '2018-11-30 08:11:18', '2019-03-26 04:50:34', 'ADSDSATEXTO');
insert into audita values (1, '2', 'Entidade 53', 866583934, '2018-07-13 23:24:25', '2018-11-26 17:17:35', '2019-09-22 19:39:32', 'ADSDSATEXTO');
insert into audita values (84, '3', 'Entidade 4', 866583934, '2018-05-18 15:44:34', '2018-11-30 12:02:47', '2019-05-25 01:59:29', 'ADSDSATEXTO');
insert into audita values (42, '1', 'Entidade 98', 719509170, '2018-03-09 15:32:41', '2018-10-09 12:12:59', '2019-04-07 19:16:09', 'ADSDSATEXTO');
insert into audita values (90, '0', 'Entidade 53', 113489433, '2018-03-28 21:47:02', '2018-08-01 12:28:01', '2019-05-21 08:51:35', 'ADSDSATEXTO');
insert into audita values (30, '0', 'Entidade 47', 692097708, '2018-01-30 22:38:09', '2018-10-22 12:54:40', '2019-02-19 20:28:13', 'ADSDSATEXTO');
insert into audita values (2, '4', 'Entidade 28', 1225935, '2018-04-08 13:40:41', '2018-09-16 13:49:18', '2019-10-25 12:57:36', 'ADSDSATEXTO');
insert into audita values (42, '1', 'Entidade 1', 200683615, '2018-03-19 17:45:22', '2018-08-18 19:21:16', '2019-03-09 01:49:21', 'ADSDSATEXTO');
insert into audita values (57, '2', 'Entidade 73', 279286595, '2018-05-26 09:02:16', '2018-11-16 22:01:49', '2019-06-19 20:27:52', 'ADSDSATEXTO');
insert into audita values (66, '1', 'Entidade 21', 397757919, '2018-02-07 03:10:19', '2018-05-27 23:21:15', '2019-06-25 04:21:37', 'ADSDSATEXTO');
insert into audita values (66, '1', 'Entidade 40', 17647147, '2018-06-10 05:01:42', '2018-06-14 19:53:57', '2019-11-17 16:21:53', 'ADSDSATEXTO');
insert into audita values (61, '0', 'Entidade 19', 166777657, '2018-05-18 08:46:22', '2018-10-09 14:01:18', '2019-03-09 15:15:58', 'ADSDSATEXTO');
insert into audita values (26, '1', 'Entidade 40', 628174817, '2018-09-17 12:02:57', '2018-11-22 22:02:14', '2019-08-18 15:22:40', 'ADSDSATEXTO');
insert into audita values (62, '3', 'Entidade 24', 968197264, '2018-11-23 07:52:53', '2018-11-26 22:13:09', '2019-01-07 18:09:09', 'ADSDSATEXTO');
insert into audita values (86, '1', 'Entidade 11', 625143324, '2018-01-14 09:18:44', '2018-09-07 13:52:56', '2019-06-27 20:59:11', 'ADSDSATEXTO');
insert into audita values (34, '1', 'Entidade 9', 408945657, '2018-07-24 14:57:35', '2018-10-10 12:37:39', '2019-06-22 04:25:47', 'ADSDSATEXTO');
insert into audita values (44, '1', 'Entidade 16', 650471126, '2018-03-09 07:06:31', '2018-11-21 18:25:31', '2019-04-24 10:18:19', 'ADSDSATEXTO');
insert into audita values (70, '1', 'Entidade 1', 650570084, '2018-05-01 09:26:02', '2018-07-11 07:17:19', '2019-06-24 01:40:44', 'ADSDSATEXTO');
insert into audita values (70, '1', 'Entidade 83', 642368004, '2018-01-08 16:11:03', '2018-08-26 05:18:55', '2019-05-13 21:35:49', 'ADSDSATEXTO');
insert into audita values (17, '0', 'Entidade 23', 200683615, '2018-02-01 07:46:47', '2018-05-31 09:07:50', '2019-11-19 22:53:24', 'ADSDSATEXTO');
insert into audita values (30, '3', 'Entidade 17', 476035741, '2018-01-06 10:29:48', '2018-07-01 08:47:41', '2019-02-02 06:57:20', 'ADSDSATEXTO');
insert into audita values (90, '2', 'Entidade 96', 719544802, '2018-08-04 06:43:09', '2018-11-28 10:02:15', '2019-09-18 14:09:43', 'ADSDSATEXTO');
insert into audita values (77, '1', 'Entidade 28', 348747537, '2018-05-25 02:34:54', '2018-11-11 17:40:57', '2019-04-21 03:45:57', 'ADSDSATEXTO');
insert into audita values (7, '3', 'Entidade 11', 16555157, '2018-05-31 21:37:29', '2018-10-23 03:22:49', '2019-03-10 06:05:34', 'ADSDSATEXTO');
insert into audita values (12, '0', 'Entidade 2', 258639306, '2018-01-07 09:53:55', '2018-11-16 20:20:34', '2019-03-30 13:42:13', 'ADSDSATEXTO');
insert into audita values (31, '3', 'Entidade 99', 374188075, '2018-03-24 17:28:18', '2018-05-10 03:48:12', '2019-04-18 09:09:25', 'ADSDSATEXTO');
insert into audita values (84, '0', 'Entidade 1', 596854820, '2018-03-17 14:50:15', '2018-09-10 03:22:19', '2019-11-10 23:51:31', 'ADSDSATEXTO');
insert into audita values (93, '0', 'Entidade 48', 449089650, '2018-04-29 12:57:02', '2018-11-27 13:25:17', '2019-02-11 03:07:20', 'ADSDSATEXTO');
insert into audita values (42, '0', 'Entidade 19', 264211739, '2018-01-12 21:39:34', '2018-11-02 05:02:36', '2019-05-06 06:36:13', 'ADSDSATEXTO');
insert into audita values (69, '2', 'Entidade 94', 520287012, '2018-07-21 11:13:48', '2018-11-27 13:21:22', '2019-06-21 09:02:39', 'ADSDSATEXTO');
insert into audita values (23, '2', 'Entidade 53', 866583934, '2018-05-03 16:18:57', '2018-11-24 06:19:41', '2019-04-05 16:39:30', 'ADSDSATEXTO');
insert into audita values (61, '5', 'Entidade 93', 133078626, '2018-03-06 07:24:55', '2018-04-29 03:28:57', '2019-10-07 17:39:55', 'ADSDSATEXTO');
insert into audita values (69, '3', 'Entidade 81', 792208270, '2018-10-21 17:54:56', '2018-11-23 02:59:01', '2019-05-22 11:24:21', 'ADSDSATEXTO');
insert into audita values (6, '1', 'Entidade 86', 63857533, '2018-09-21 06:18:48', '2018-10-22 15:25:58', '2019-09-01 12:54:45', 'ADSDSATEXTO');
insert into audita values (10, '5', 'Entidade 73', 642368004, '2018-01-02 13:54:11', '2018-09-07 16:34:14', '2019-09-08 14:43:54', 'ADSDSATEXTO');
insert into audita values (72, '0', 'Entidade 93', 129463186, '2018-07-09 05:42:15', '2018-11-21 10:18:13', '2019-09-13 07:16:02', 'ADSDSATEXTO');
insert into audita values (7, '0', 'Entidade 93', 129463186, '2018-09-08 09:29:13', '2018-10-07 06:04:09', '2019-09-20 11:36:51', 'ADSDSATEXTO');
insert into audita values (52, '4', 'Entidade 28', 1225935, '2018-07-04 08:58:31', '2018-09-28 20:07:13', '2019-07-09 21:21:20', 'ADSDSATEXTO');
insert into audita values (76, '1', 'Entidade 24', 802473530, '2018-05-20 21:49:19', '2018-08-25 17:14:30', '2019-07-03 18:31:54', 'ADSDSATEXTO');
insert into audita values (49, '2', 'Entidade 97', 857210900, '2018-02-15 08:18:39', '2018-11-08 02:20:34', '2019-09-02 14:15:05', 'ADSDSATEXTO');
insert into audita values (18, '2', 'Entidade 84', 619869831, '2018-03-28 21:26:16', '2018-09-12 19:21:29', '2019-03-21 06:25:53', 'ADSDSATEXTO');
insert into audita values (43, '2', 'Entidade 50', 166777657, '2018-04-06 22:18:41', '2018-11-17 21:38:18', '2019-05-23 08:36:12', 'ADSDSATEXTO');
insert into audita values (85, '4', 'Entidade 60', 129463186, '2018-08-22 21:45:30', '2018-10-14 02:48:26', '2019-08-01 13:29:29', 'ADSDSATEXTO');
insert into audita values (10, '2', 'Entidade 20', 246188521, '2018-04-16 08:58:23', '2018-09-19 17:16:28', '2019-10-06 09:54:22', 'ADSDSATEXTO');
insert into audita values (40, '3', 'Entidade 43', 277829237, '2018-01-08 17:16:38', '2018-11-03 04:42:18', '2019-08-05 08:28:22', 'ADSDSATEXTO');
insert into audita values (42, '4', 'Entidade 11', 67298573, '2018-01-03 12:45:41', '2018-09-10 23:54:30', '2019-01-21 17:55:35', 'ADSDSATEXTO');
insert into audita values (39, '2', 'Entidade 50', 449089650, '2018-06-29 02:21:20', '2018-11-28 22:48:55', '2019-04-19 04:40:24', 'ADSDSATEXTO');
insert into audita values (26, '4', 'Entidade 62', 650570084, '2018-01-31 18:18:21', '2018-11-11 12:25:36', '2019-08-02 20:29:28', 'ADSDSATEXTO');
insert into audita values (74, '2', 'Entidade 92', 153637049, '2018-10-18 02:11:41', '2018-11-30 13:19:18', '2019-11-11 13:30:18', 'ADSDSATEXTO');
insert into audita values (5, '1', 'Entidade 83', 374188075, '2018-01-28 02:39:51', '2018-07-18 23:44:31', '2019-02-20 02:55:31', 'ADSDSATEXTO');
insert into audita values (76, '0', 'Entidade 2', 258639306, '2018-01-01 22:08:28', '2018-07-27 10:57:11', '2019-07-18 02:03:17', 'ADSDSATEXTO');
insert into audita values (21, '0', 'Entidade 4', 382833199, '2018-06-28 20:37:09', '2018-11-28 22:36:40', '2019-01-13 14:58:19', 'ADSDSATEXTO');
insert into audita values (39, '2', 'Entidade 20', 246188521, '2018-05-18 05:20:28', '2018-10-24 06:49:20', '2019-05-18 03:58:06', 'ADSDSATEXTO');
insert into audita values (84, '3', 'Entidade 95', 807374152, '2018-01-03 05:21:55', '2018-10-20 03:21:11', '2019-10-30 18:05:54', 'ADSDSATEXTO');
insert into audita values (19, '0', 'Entidade 0', 973848985, '2018-05-10 13:25:06', '2018-09-07 17:35:32', '2019-05-28 11:03:22', 'ADSDSATEXTO');
insert into audita values (89, '2', 'Entidade 1', 719544802, '2018-07-09 14:31:32', '2018-11-30 17:49:34', '2019-03-08 18:57:24', 'ADSDSATEXTO');
insert into audita values (55, '0', 'Entidade 6', 474409965, '2018-02-07 21:49:18', '2018-08-09 01:20:57', '2019-11-25 21:53:34', 'ADSDSATEXTO');
insert into audita values (17, '0', 'Entidade 6', 719544802, '2018-02-05 04:42:01', '2018-11-28 11:42:09', '2019-06-27 13:22:15', 'ADSDSATEXTO');
insert into audita values (54, '3', 'Entidade 60', 96047391, '2018-06-18 05:12:56', '2018-10-05 18:41:09', '2019-10-29 18:42:40', 'ADSDSATEXTO');
insert into audita values (73, '3', 'Entidade 17', 476035741, '2018-03-04 07:29:14', '2018-04-29 15:24:05', '2019-06-28 02:08:33', 'ADSDSATEXTO');
insert into audita values (30, '0', 'Entidade 73', 348747537, '2018-01-08 23:19:53', '2018-11-30 16:21:30', '2019-07-14 05:15:32', 'ADSDSATEXTO');
insert into audita values (62, '3', 'Entidade 46', 719544802, '2018-03-01 15:48:42', '2018-11-28 10:41:29', '2019-08-11 01:02:42', 'ADSDSATEXTO');
insert into audita values (87, '3', 'Entidade 74', 628174817, '2018-04-19 18:44:45', '2018-11-21 01:25:26', '2019-01-24 21:11:38', 'ADSDSATEXTO');
insert into audita values (59, '5', 'Entidade 10', 450733947, '2018-02-16 02:17:06', '2018-03-20 09:51:42', '2019-09-02 03:46:32', 'ADSDSATEXTO');
insert into audita values (67, '4', 'Entidade 47', 4946012, '2018-01-09 13:15:41', '2018-03-20 06:43:31', '2019-06-12 08:13:28', 'ADSDSATEXTO');
insert into audita values (90, '4', 'Entidade 91', 866583934, '2018-08-18 17:13:16', '2018-11-27 21:23:35', '2019-08-27 15:22:16', 'ADSDSATEXTO');
insert into audita values (24, '0', 'Entidade 30', 246188521, '2018-01-01 02:45:19', '2018-10-18 19:57:35', '2019-10-25 19:24:52', 'ADSDSATEXTO');
insert into audita values (41, '2', 'Entidade 98', 619869831, '2018-05-07 13:19:51', '2018-11-02 02:24:53', '2019-08-23 05:45:49', 'ADSDSATEXTO');
insert into audita values (93, '5', 'Entidade 10', 450733947, '2018-01-08 02:36:14', '2018-09-27 03:47:38', '2019-07-29 10:13:02', 'ADSDSATEXTO');
insert into audita values (80, '0', 'Entidade 55', 482398962, '2018-03-08 18:44:32', '2018-08-01 01:47:05', '2019-04-04 11:38:29', 'ADSDSATEXTO');
insert into audita values (78, '0', 'Entidade 20', 181124829, '2018-08-10 12:46:44', '2018-09-28 19:07:54', '2019-01-25 17:54:51', 'ADSDSATEXTO');
insert into audita values (27, '1', 'Entidade 17', 63857533, '2018-06-07 11:14:26', '2018-10-26 19:22:18', '2019-04-14 16:36:22', 'ADSDSATEXTO');
insert into audita values (62, '4', 'Entidade 25', 619869831, '2018-05-12 08:51:55', '2018-07-03 03:17:57', '2019-06-28 13:02:29', 'ADSDSATEXTO');
insert into audita values (34, '3', 'Entidade 13', 771501037, '2018-03-08 05:41:43', '2018-10-11 08:27:38', '2019-02-27 23:58:39', 'ADSDSATEXTO');


insert into solicita values (50, '2018-02-03 06:53:25', 80, '2018-02-03 06:01:02', '2018-02-03 06:36:05');
insert into solicita values (32, '2018-06-17 22:47:29', 24, '2018-06-17 23:42:57', '2018-06-18 01:22:02');
insert into solicita values (64, '2018-07-25 01:08:28', 90, '2018-07-25 01:58:18', '2018-07-25 02:58:31');
insert into solicita values (29, '2018-02-09 02:54:07', 21, '2018-02-09 02:26:22', '2018-02-09 02:38:56');
insert into solicita values (10, '2018-04-20 03:36:29', 12, '2018-04-20 06:10:35', '2018-04-20 09:55:22');
insert into solicita values (67, '2018-08-16 11:10:32', 49, '2018-08-16 12:30:06', '2018-08-16 12:59:12');
insert into solicita values (0, '2018-11-25 16:45:13', 1, '2018-11-25 16:29:30', '2018-11-25 17:26:33');
insert into solicita values (4, '2018-09-02 21:37:43', 0, '2018-09-02 01:52:39', '2018-09-02 02:35:03');
insert into solicita values (11, '2018-10-01 11:49:10', 40, '2018-10-01 14:30:21', '2018-10-01 16:18:16');
insert into solicita values (67, '2018-03-20 06:06:06', 90, '2018-03-20 07:08:16', '2018-03-20 07:09:58');
insert into solicita values (62, '2018-01-18 01:09:31', 66, '2018-01-18 02:05:10', '2018-01-18 02:05:28');
insert into solicita values (77, '2018-04-04 02:24:52', 3, '2018-04-04 04:20:52', '2018-04-04 06:38:21');
insert into solicita values (50, '2018-07-29 16:41:41', 8, '2018-07-29 17:45:33', '2018-07-29 22:18:28');
insert into solicita values (34, '2018-02-09 02:54:07', 21, '2018-02-09 02:55:34', '2018-02-09 03:31:37');
insert into solicita values (64, '2018-05-03 23:43:26', 9, '2018-05-03 01:13:38', '2018-05-03 01:48:27');
insert into solicita values (51, '2018-07-14 23:39:08', 95, '2018-07-14 01:16:59', '2018-07-14 01:44:24');
insert into solicita values (44, '2018-04-04 22:34:08', 39, '2018-04-04 04:16:02', '2018-04-04 06:48:28');
insert into solicita values (0, '2018-03-22 23:04:31', 71, '2018-03-22 04:43:29', '2018-03-22 06:52:51');
insert into solicita values (38, '2018-04-08 19:35:48', 17, '2018-04-08 19:06:53', '2018-04-08 20:32:20');
insert into solicita values (87, '2018-10-04 19:42:34', 39, '2018-10-04 01:13:08', '2018-10-04 04:26:18');
insert into solicita values (53, '2018-04-01 01:10:26', 40, '2018-04-01 05:06:25', '2018-04-01 05:23:55');
insert into solicita values (61, '2018-05-17 12:08:12', 0, '2018-05-17 13:31:46', '2018-05-17 13:53:15');
insert into solicita values (70, '2018-05-06 21:26:58', 83, '2018-05-07 01:32:16', '2018-05-07 04:28:51');
insert into solicita values (66, '2018-03-17 03:47:34', 38, '2018-03-17 10:44:52', '2018-03-17 11:30:48');
insert into solicita values (24, '2018-03-06 21:32:31', 54, '2018-03-06 02:55:49', '2018-03-06 22:11:46');
insert into solicita values (79, '2018-09-29 23:56:58', 78, '2018-09-29 02:14:24', '2018-09-29 05:48:48');
insert into solicita values (71, '2018-02-08 23:36:50', 86, '2018-02-08 01:54:52', '2018-02-08 03:19:29');
insert into solicita values (55, '2018-03-28 16:13:21', 42, '2018-03-28 16:13:34', '2018-03-28 16:15:43');
insert into solicita values (8, '2018-06-20 01:33:43', 24, '2018-06-20 03:24:21', '2018-06-20 03:39:22');
insert into solicita values (6, '2018-09-06 16:51:57', 5, '2018-09-06 17:18:45', '2018-09-06 19:52:58');
insert into solicita values (72, '2018-09-21 18:21:29', 69, '2018-09-21 20:06:15', '2018-09-21 21:03:36');
insert into solicita values (28, '2018-10-19 19:22:23', 7, '2018-10-19 19:24:54', '2018-10-19 21:11:12');
insert into solicita values (18, '2018-07-28 03:08:42', 89, '2018-07-28 03:49:08', '2018-07-28 05:04:27');
insert into solicita values (97, '2018-11-28 06:25:12', 91, '2018-11-28 07:34:03', '2018-11-28 10:52:23');
insert into solicita values (60, '2018-10-04 10:50:20', 58, '2018-10-04 15:23:44', '2018-10-04 16:22:13');
insert into solicita values (62, '2018-07-25 01:08:28', 90, '2018-07-25 05:15:27', '2018-07-25 06:25:28');
insert into solicita values (77, '2018-05-17 01:57:12', 89, '2018-05-17 08:16:45', '2018-05-17 09:26:35');
insert into solicita values (92, '2018-10-01 11:49:10', 40, '2018-10-01 14:24:59', '2018-10-01 17:16:36');
insert into solicita values (19, '2018-01-02 09:42:12', 77, '2018-01-02 15:15:31', '2018-01-02 15:41:46');
insert into solicita values (63, '2018-09-01 01:47:05', 51, '2018-09-01 02:26:22', '2018-09-01 02:30:04');
insert into solicita values (81, '2018-01-23 02:45:46', 94, '2018-01-23 03:57:05', '2018-01-23 05:18:23');
insert into solicita values (73, '2018-02-26 14:02:25', 59, '2018-02-26 15:32:10', '2018-02-26 19:02:39');
insert into solicita values (60, '2018-09-22 08:05:27', 83, '2018-09-22 10:28:52', '2018-09-22 12:04:24');
insert into solicita values (90, '2018-09-20 08:15:03', 28, '2018-09-20 08:03:08', '2018-09-20 08:38:48');
insert into solicita values (69, '2018-03-22 23:04:31', 71, '2018-03-22 06:41:52', '2018-03-22 07:25:21');
insert into solicita values (92, '2018-03-27 18:05:17', 36, '2018-03-27 18:38:33', '2018-03-27 22:18:22');
insert into solicita values (76, '2018-02-11 20:54:58', 62, '2018-02-11 23:34:19', '2018-02-12 03:46:10');
insert into solicita values (22, '2018-11-23 13:05:17', 52, '2018-11-23 16:06:34', '2018-11-23 16:39:30');
insert into solicita values (92, '2018-11-08 23:54:59', 55, '2018-11-09 01:34:12', '2018-11-09 01:45:15');
insert into solicita values (88, '2018-04-02 12:13:01', 21, '2018-04-02 12:34:49', '2018-04-02 15:53:20');
insert into solicita values (53, '2018-10-10 05:55:13', 50, '2018-10-10 08:40:31', '2018-10-10 09:01:52');
insert into solicita values (61, '2018-06-17 22:47:29', 24, '2018-06-17 23:01:52', '2018-06-18 01:28:41');
insert into solicita values (63, '2018-06-16 07:47:42', 92, '2018-06-16 08:31:35', '2018-06-16 09:02:42');
insert into solicita values (87, '2018-01-19 05:43:52', 31, '2018-01-19 07:15:36', '2018-01-19 07:57:05');
insert into solicita values (21, '2018-09-02 21:37:43', 0, '2018-09-02 01:26:16', '2018-09-02 23:21:57');
insert into solicita values (32, '2018-08-23 17:55:22', 43, '2018-08-23 04:29:47', '2018-08-23 04:55:46');
insert into solicita values (76, '2018-06-23 18:27:15', 3, '2018-06-23 19:26:24', '2018-06-23 19:58:37');
insert into solicita values (79, '2018-10-01 03:58:24', 55, '2018-10-01 04:38:43', '2018-10-01 06:11:36');
insert into solicita values (99, '2018-02-03 06:53:25', 80, '2018-02-03 06:13:55', '2018-02-03 06:32:36');
insert into solicita values (36, '2018-06-01 07:19:14', 51, '2018-06-01 13:52:43', '2018-06-01 16:52:51');
insert into solicita values (92, '2018-05-13 06:28:02', 1, '2018-05-13 06:35:51', '2018-05-13 08:38:09');
insert into solicita values (84, '2018-06-25 03:01:56', 61, '2018-06-25 05:23:50', '2018-06-25 08:34:04');
insert into solicita values (38, '2018-01-19 09:41:52', 36, '2018-01-19 11:55:42', '2018-01-19 14:15:06');
insert into solicita values (34, '2018-05-09 15:02:46', 22, '2018-05-09 16:15:52', '2018-05-09 18:28:08');
insert into solicita values (40, '2018-07-23 09:49:25', 25, '2018-07-23 09:36:39', '2018-07-23 10:06:30');
insert into solicita values (14, '2018-01-09 05:38:29', 31, '2018-01-09 08:01:07', '2018-01-09 08:39:54');
insert into solicita values (3, '2018-02-17 15:19:13', 82, '2018-02-17 17:47:56', '2018-02-17 21:36:13');
insert into solicita values (55, '2018-03-23 14:18:40', 36, '2018-03-23 15:19:17', '2018-03-23 15:31:28');
insert into solicita values (43, '2018-10-01 11:49:10', 40, '2018-10-01 21:22:16', '2018-10-01 21:39:12');
insert into solicita values (1, '2018-07-29 16:41:41', 8, '2018-07-29 20:09:54', '2018-07-29 21:55:42');
insert into solicita values (90, '2018-05-02 18:14:55', 21, '2018-05-02 21:29:41', '2018-05-02 23:48:54');
insert into solicita values (36, '2018-11-28 06:25:12', 91, '2018-11-28 08:09:07', '2018-11-28 14:05:27');
insert into solicita values (96, '2018-06-25 03:01:56', 61, '2018-06-25 04:58:57', '2018-06-25 07:42:21');
insert into solicita values (9, '2018-04-07 01:16:18', 33, '2018-04-07 01:04:10', '2018-04-07 01:32:45');
insert into solicita values (69, '2018-06-10 12:33:13', 38, '2018-06-10 15:29:08', '2018-06-10 18:57:12');
insert into solicita values (69, '2018-04-01 05:51:38', 21, '2018-04-01 05:25:13', '2018-04-01 11:34:03');
insert into solicita values (70, '2018-11-16 18:19:08', 86, '2018-11-16 19:54:18', '2018-11-16 19:54:58');
insert into solicita values (34, '2018-09-14 18:15:26', 16, '2018-09-14 21:57:49', '2018-09-14 23:02:45');
insert into solicita values (59, '2018-06-10 02:45:48', 15, '2018-06-10 06:34:42', '2018-06-10 07:22:45');
insert into solicita values (94, '2018-03-24 02:52:25', 60, '2018-03-24 03:27:22', '2018-03-24 03:33:41');
insert into solicita values (84, '2018-05-13 18:53:08', 63, '2018-05-13 18:35:07', '2018-05-13 20:48:54');
insert into solicita values (80, '2018-04-20 03:36:29', 12, '2018-04-20 12:02:30', '2018-04-20 12:58:12');
insert into solicita values (68, '2018-05-09 15:02:46', 22, '2018-05-09 15:32:27', '2018-05-09 17:12:08');
insert into solicita values (52, '2018-07-06 19:56:35', 53, '2018-07-06 23:05:32', '2018-07-07 03:44:54');
insert into solicita values (17, '2018-01-31 22:25:52', 14, '2018-01-31 01:34:18', '2018-01-31 03:24:30');
insert into solicita values (87, '2018-07-17 12:13:06', 65, '2018-07-17 12:12:54', '2018-07-17 16:09:14');
insert into solicita values (19, '2018-06-27 12:46:37', 19, '2018-06-27 14:05:15', '2018-06-27 17:15:07');
insert into solicita values (10, '2018-01-26 02:37:06', 15, '2018-01-26 02:06:36', '2018-01-26 03:24:41');
insert into solicita values (21, '2018-01-31 22:25:52', 14, '2018-01-31 03:48:03', '2018-01-31 04:41:57');
insert into solicita values (53, '2018-01-09 03:47:35', 17, '2018-01-09 04:03:02', '2018-01-09 04:03:22');
insert into solicita values (21, '2018-04-15 02:18:34', 5, '2018-04-15 02:25:48', '2018-04-15 03:11:58');
insert into solicita values (38, '2018-05-02 18:14:55', 21, '2018-05-02 18:05:28', '2018-05-02 22:10:10');
insert into solicita values (43, '2018-09-16 16:42:19', 6, '2018-09-16 18:32:31', '2018-09-16 18:58:22');
insert into solicita values (2, '2018-03-27 08:57:18', 67, '2018-03-27 09:16:54', '2018-03-27 12:10:18');
insert into solicita values (99, '2018-04-04 22:34:08', 39, '2018-04-04 01:41:45', '2018-04-04 03:30:57');
insert into solicita values (8, '2018-05-13 19:30:21', 71, '2018-05-13 22:34:15', '2018-05-14 03:47:03');
insert into solicita values (61, '2018-09-21 18:21:29', 69, '2018-09-21 20:49:42', '2018-09-21 23:35:12');
insert into solicita values (81, '2018-05-15 07:38:42', 46, '2018-05-15 07:43:09', '2018-05-15 07:43:43');
insert into solicita values (6, '2018-02-02 03:16:54', 24, '2018-02-02 07:26:48', '2018-02-02 08:47:46');
insert into solicita values (47, '2018-06-25 03:01:56', 61, '2018-06-25 04:21:42', '2018-06-25 08:16:48');


insert into meio values (20, 'Meio 20', 'Entidade 62');
insert into meioCombate values (20, 'Entidade 62');
insert into acciona values (20, 'Entidade 62', 628174817);
insert into meio values (21, 'Meio 21', 'Entidade 62');
insert into meioCombate values (21, 'Entidade 62');
insert into acciona values (21, 'Entidade 62', 412656386);
insert into meio values (22, 'Meio 22', 'Entidade 62');
insert into meioCombate values (22, 'Entidade 62');
insert into acciona values (22, 'Entidade 62', 900746480);
insert into meio values (23, 'Meio 23', 'Entidade 62');
insert into meioCombate values (23, 'Entidade 62');
insert into acciona values (23, 'Entidade 62', 973848985);
insert into meio values (24, 'Meio 24', 'Entidade 62');
insert into meioCombate values (24, 'Entidade 62');
insert into acciona values (24, 'Entidade 62', 397757919);
insert into meio values (25, 'Meio 25', 'Entidade 62');
insert into meioCombate values (25, 'Entidade 62');
insert into acciona values (25, 'Entidade 62', 67298573);
insert into meio values (26, 'Meio 26', 'Entidade 62');
insert into meioCombate values (26, 'Entidade 62');
insert into acciona values (26, 'Entidade 62', 96047391);
insert into meio values (27, 'Meio 27', 'Entidade 62');
insert into meioCombate values (27, 'Entidade 62');
insert into acciona values (27, 'Entidade 62', 112352170);
insert into meio values (28, 'Meio 28', 'Entidade 62');
insert into meioCombate values (28, 'Entidade 62');
insert into acciona values (28, 'Entidade 62', 650471126);
insert into meio values (29, 'Meio 29', 'Entidade 62');
insert into meioCombate values (29, 'Entidade 62');
insert into acciona values (29, 'Entidade 62', 342356350);
insert into meio values (30, 'Meio 30', 'Entidade 62');
insert into meioCombate values (30, 'Entidade 62');
insert into acciona values (30, 'Entidade 62', 900746480);
insert into meio values (31, 'Meio 31', 'Entidade 62');
insert into meioCombate values (31, 'Entidade 62');
insert into acciona values (31, 'Entidade 62', 449089650);
insert into meio values (32, 'Meio 32', 'Entidade 62');
insert into meioCombate values (32, 'Entidade 62');
insert into acciona values (32, 'Entidade 62', 140643046);
insert into meio values (33, 'Meio 33', 'Entidade 62');
insert into meioCombate values (33, 'Entidade 62');
insert into acciona values (33, 'Entidade 62', 909615606);
insert into meio values (34, 'Meio 34', 'Entidade 62');
insert into meioCombate values (34, 'Entidade 62');
insert into acciona values (34, 'Entidade 62', 719544802);
insert into meio values (35, 'Meio 35', 'Entidade 62');
insert into meioCombate values (35, 'Entidade 62');
insert into acciona values (35, 'Entidade 62', 412656386);
insert into meio values (36, 'Meio 36', 'Entidade 62');
insert into meioCombate values (36, 'Entidade 62');
insert into acciona values (36, 'Entidade 62', 397757919);
insert into meio values (37, 'Meio 37', 'Entidade 62');
insert into meioCombate values (37, 'Entidade 62');
insert into acciona values (37, 'Entidade 62', 742110647);
insert into meio values (38, 'Meio 38', 'Entidade 62');
insert into meioCombate values (38, 'Entidade 62');
insert into acciona values (38, 'Entidade 62', 711482593);
insert into meio values (39, 'Meio 39', 'Entidade 62');
insert into meioCombate values (39, 'Entidade 62');
insert into acciona values (39, 'Entidade 62', 792208270);
insert into meio values (40, 'Meio 40', 'Entidade 62');
insert into meioCombate values (40, 'Entidade 62');
insert into acciona values (40, 'Entidade 62', 650471126);
insert into meio values (41, 'Meio 41', 'Entidade 62');
insert into meioCombate values (41, 'Entidade 62');
insert into acciona values (41, 'Entidade 62', 246188521);
insert into meio values (42, 'Meio 42', 'Entidade 62');
insert into meioCombate values (42, 'Entidade 62');
insert into acciona values (42, 'Entidade 62', 46295645);
insert into meio values (43, 'Meio 43', 'Entidade 62');
insert into meioCombate values (43, 'Entidade 62');
insert into acciona values (43, 'Entidade 62', 857210900);
insert into meio values (44, 'Meio 44', 'Entidade 62');
insert into meioCombate values (44, 'Entidade 62');
insert into acciona values (44, 'Entidade 62', 982873966);
insert into meio values (45, 'Meio 45', 'Entidade 62');
insert into meioCombate values (45, 'Entidade 62');
insert into acciona values (45, 'Entidade 62', 520287012);
insert into meio values (46, 'Meio 46', 'Entidade 62');
insert into meioCombate values (46, 'Entidade 62');
insert into acciona values (46, 'Entidade 62', 181124829);
insert into meio values (47, 'Meio 47', 'Entidade 62');
insert into meioCombate values (47, 'Entidade 62');
insert into acciona values (47, 'Entidade 62', 39164974);
insert into meio values (48, 'Meio 48', 'Entidade 62');
insert into meioCombate values (48, 'Entidade 62');
insert into acciona values (48, 'Entidade 62', 982873966);
insert into meio values (49, 'Meio 49', 'Entidade 62');
insert into meioCombate values (49, 'Entidade 62');
insert into acciona values (49, 'Entidade 62', 635997867);
insert into meio values (50, 'Meio 50', 'Entidade 62');
insert into meioCombate values (50, 'Entidade 62');
insert into acciona values (50, 'Entidade 62', 599055160);
insert into meio values (51, 'Meio 51', 'Entidade 62');
insert into meioCombate values (51, 'Entidade 62');
insert into acciona values (51, 'Entidade 62', 397757919);
insert into meio values (52, 'Meio 52', 'Entidade 62');
insert into meioCombate values (52, 'Entidade 62');
insert into acciona values (52, 'Entidade 62', 807374152);
insert into meio values (53, 'Meio 53', 'Entidade 62');
insert into meioCombate values (53, 'Entidade 62');
insert into acciona values (53, 'Entidade 62', 1225935);
insert into meio values (54, 'Meio 54', 'Entidade 62');
insert into meioCombate values (54, 'Entidade 62');
insert into acciona values (54, 'Entidade 62', 328226143);
insert into meio values (55, 'Meio 55', 'Entidade 62');
insert into meioCombate values (55, 'Entidade 62');
insert into acciona values (55, 'Entidade 62', 39164974);
insert into meio values (56, 'Meio 56', 'Entidade 62');
insert into meioCombate values (56, 'Entidade 62');
insert into acciona values (56, 'Entidade 62', 866583934);
insert into meio values (57, 'Meio 57', 'Entidade 62');
insert into meioCombate values (57, 'Entidade 62');
insert into acciona values (57, 'Entidade 62', 450733947);
insert into meio values (58, 'Meio 58', 'Entidade 62');
insert into meioCombate values (58, 'Entidade 62');
insert into acciona values (58, 'Entidade 62', 328226143);
insert into meio values (59, 'Meio 59', 'Entidade 62');
insert into meioCombate values (59, 'Entidade 62');
insert into acciona values (59, 'Entidade 62', 397757919);
insert into meio values (60, 'Meio 60', 'Entidade 62');
insert into meioCombate values (60, 'Entidade 62');
insert into acciona values (60, 'Entidade 62', 246188521);
insert into meio values (61, 'Meio 61', 'Entidade 62');
insert into meioCombate values (61, 'Entidade 62');
insert into acciona values (61, 'Entidade 62', 711450624);
insert into meio values (62, 'Meio 62', 'Entidade 62');
insert into meioCombate values (62, 'Entidade 62');
insert into acciona values (62, 'Entidade 62', 654886892);
insert into meio values (63, 'Meio 63', 'Entidade 62');
insert into meioCombate values (63, 'Entidade 62');
insert into acciona values (63, 'Entidade 62', 16555157);
insert into meio values (64, 'Meio 64', 'Entidade 62');
insert into meioCombate values (64, 'Entidade 62');
insert into acciona values (64, 'Entidade 62', 619869831);
insert into meio values (65, 'Meio 65', 'Entidade 62');
insert into meioCombate values (65, 'Entidade 62');
insert into acciona values (65, 'Entidade 62', 200683615);
insert into meio values (66, 'Meio 66', 'Entidade 62');
insert into meioCombate values (66, 'Entidade 62');
insert into acciona values (66, 'Entidade 62', 982873966);
insert into meio values (67, 'Meio 67', 'Entidade 62');
insert into meioCombate values (67, 'Entidade 62');
insert into acciona values (67, 'Entidade 62', 642368004);
insert into meio values (68, 'Meio 68', 'Entidade 62');
insert into meioCombate values (68, 'Entidade 62');
insert into acciona values (68, 'Entidade 62', 719544802);
insert into meio values (69, 'Meio 69', 'Entidade 62');
insert into meioCombate values (69, 'Entidade 62');
insert into acciona values (69, 'Entidade 62', 807374152);
insert into meio values (70, 'Meio 70', 'Entidade 62');
insert into meioCombate values (70, 'Entidade 62');
insert into acciona values (70, 'Entidade 62', 982873966);
insert into meio values (71, 'Meio 71', 'Entidade 62');
insert into meioCombate values (71, 'Entidade 62');
insert into acciona values (71, 'Entidade 62', 16555157);
insert into meio values (72, 'Meio 72', 'Entidade 62');
insert into meioCombate values (72, 'Entidade 62');
insert into acciona values (72, 'Entidade 62', 857210900);
insert into meio values (73, 'Meio 73', 'Entidade 62');
insert into meioCombate values (73, 'Entidade 62');
insert into acciona values (73, 'Entidade 62', 251453408);
insert into meio values (74, 'Meio 74', 'Entidade 62');
insert into meioCombate values (74, 'Entidade 62');
insert into acciona values (74, 'Entidade 62', 650471126);
insert into meio values (75, 'Meio 75', 'Entidade 62');
insert into meioCombate values (75, 'Entidade 62');
insert into acciona values (75, 'Entidade 62', 264211739);
insert into meio values (76, 'Meio 76', 'Entidade 62');
insert into meioCombate values (76, 'Entidade 62');
insert into acciona values (76, 'Entidade 62', 650570084);
insert into meio values (77, 'Meio 77', 'Entidade 62');
insert into meioCombate values (77, 'Entidade 62');
insert into acciona values (77, 'Entidade 62', 765101878);
insert into meio values (78, 'Meio 78', 'Entidade 62');
insert into meioCombate values (78, 'Entidade 62');
insert into acciona values (78, 'Entidade 62', 133078626);
insert into meio values (79, 'Meio 79', 'Entidade 62');
insert into meioCombate values (79, 'Entidade 62');
insert into acciona values (79, 'Entidade 62', 682306662);
insert into meio values (80, 'Meio 80', 'Entidade 62');
insert into meioCombate values (80, 'Entidade 62');
insert into acciona values (80, 'Entidade 62', 520287012);
insert into meio values (81, 'Meio 81', 'Entidade 62');
insert into meioCombate values (81, 'Entidade 62');
insert into acciona values (81, 'Entidade 62', 166777657);
insert into meio values (82, 'Meio 82', 'Entidade 62');
insert into meioCombate values (82, 'Entidade 62');
insert into acciona values (82, 'Entidade 62', 449089650);
insert into meio values (83, 'Meio 83', 'Entidade 62');
insert into meioCombate values (83, 'Entidade 62');
insert into acciona values (83, 'Entidade 62', 642368004);
insert into meio values (84, 'Meio 84', 'Entidade 62');
insert into meioCombate values (84, 'Entidade 62');
insert into acciona values (84, 'Entidade 62', 96047391);
insert into meio values (85, 'Meio 85', 'Entidade 62');
insert into meioCombate values (85, 'Entidade 62');
insert into acciona values (85, 'Entidade 62', 771501037);
insert into meio values (86, 'Meio 86', 'Entidade 62');
insert into meioCombate values (86, 'Entidade 62');
insert into acciona values (86, 'Entidade 62', 482398962);
insert into meio values (87, 'Meio 87', 'Entidade 62');
insert into meioCombate values (87, 'Entidade 62');
insert into acciona values (87, 'Entidade 62', 200707688);
insert into meio values (88, 'Meio 88', 'Entidade 62');
insert into meioCombate values (88, 'Entidade 62');
insert into acciona values (88, 'Entidade 62', 667268600);
insert into meio values (89, 'Meio 89', 'Entidade 62');
insert into meioCombate values (89, 'Entidade 62');
insert into acciona values (89, 'Entidade 62', 968197264);
insert into meio values (90, 'Meio 90', 'Entidade 62');
insert into meioCombate values (90, 'Entidade 62');
insert into acciona values (90, 'Entidade 62', 408945657);
insert into meio values (91, 'Meio 91', 'Entidade 62');
insert into meioCombate values (91, 'Entidade 62');
insert into acciona values (91, 'Entidade 62', 667268600);
insert into meio values (92, 'Meio 92', 'Entidade 62');
insert into meioCombate values (92, 'Entidade 62');
insert into acciona values (92, 'Entidade 62', 994665551);
insert into meio values (93, 'Meio 93', 'Entidade 62');
insert into meioCombate values (93, 'Entidade 62');
insert into acciona values (93, 'Entidade 62', 199967829);
insert into meio values (94, 'Meio 94', 'Entidade 62');
insert into meioCombate values (94, 'Entidade 62');
insert into acciona values (94, 'Entidade 62', 143363578);
insert into meio values (95, 'Meio 95', 'Entidade 62');
insert into meioCombate values (95, 'Entidade 62');
insert into acciona values (95, 'Entidade 62', 4946012);
insert into meio values (96, 'Meio 96', 'Entidade 62');
insert into meioCombate values (96, 'Entidade 62');
insert into acciona values (96, 'Entidade 62', 948722126);
insert into meio values (97, 'Meio 97', 'Entidade 62');
insert into meioCombate values (97, 'Entidade 62');
insert into acciona values (97, 'Entidade 62', 973848985);
insert into meio values (98, 'Meio 98', 'Entidade 62');
insert into meioCombate values (98, 'Entidade 62');
insert into acciona values (98, 'Entidade 62', 258639306);
insert into meio values (99, 'Meio 99', 'Entidade 62');
insert into meioCombate values (99, 'Entidade 62');
insert into acciona values (99, 'Entidade 62', 16555157);
insert into meio values (100, 'Meio 100', 'Entidade 62');
insert into meioCombate values (100, 'Entidade 62');
insert into acciona values (100, 'Entidade 62', 143363578);
insert into meio values (101, 'Meio 101', 'Entidade 62');
insert into meioCombate values (101, 'Entidade 62');
insert into acciona values (101, 'Entidade 62', 619869831);
insert into meio values (102, 'Meio 102', 'Entidade 62');
insert into meioCombate values (102, 'Entidade 62');
insert into acciona values (102, 'Entidade 62', 450733947);
insert into meio values (103, 'Meio 103', 'Entidade 62');
insert into meioCombate values (103, 'Entidade 62');
insert into acciona values (103, 'Entidade 62', 449089650);
insert into meio values (104, 'Meio 104', 'Entidade 62');
insert into meioCombate values (104, 'Entidade 62');
insert into acciona values (104, 'Entidade 62', 121296576);
insert into meio values (105, 'Meio 105', 'Entidade 62');
insert into meioCombate values (105, 'Entidade 62');
insert into acciona values (105, 'Entidade 62', 364295031);
insert into meio values (106, 'Meio 106', 'Entidade 62');
insert into meioCombate values (106, 'Entidade 62');
insert into acciona values (106, 'Entidade 62', 399220558);
insert into meio values (107, 'Meio 107', 'Entidade 62');
insert into meioCombate values (107, 'Entidade 62');
insert into acciona values (107, 'Entidade 62', 246188521);
insert into meio values (108, 'Meio 108', 'Entidade 62');
insert into meioCombate values (108, 'Entidade 62');
insert into acciona values (108, 'Entidade 62', 17647147);
insert into meio values (109, 'Meio 109', 'Entidade 62');
insert into meioCombate values (109, 'Entidade 62');
insert into acciona values (109, 'Entidade 62', 719544802);
insert into meio values (110, 'Meio 110', 'Entidade 62');
insert into meioCombate values (110, 'Entidade 62');
insert into acciona values (110, 'Entidade 62', 611007231);
insert into meio values (111, 'Meio 111', 'Entidade 62');
insert into meioCombate values (111, 'Entidade 62');
insert into acciona values (111, 'Entidade 62', 96047391);
insert into meio values (112, 'Meio 112', 'Entidade 62');
insert into meioCombate values (112, 'Entidade 62');
insert into acciona values (112, 'Entidade 62', 994665551);
insert into meio values (113, 'Meio 113', 'Entidade 62');
insert into meioCombate values (113, 'Entidade 62');
insert into acciona values (113, 'Entidade 62', 348747537);
insert into meio values (114, 'Meio 114', 'Entidade 62');
insert into meioCombate values (114, 'Entidade 62');
insert into acciona values (114, 'Entidade 62', 765101878);
insert into meio values (115, 'Meio 115', 'Entidade 62');
insert into meioCombate values (115, 'Entidade 62');
insert into acciona values (115, 'Entidade 62', 476035741);
insert into meio values (116, 'Meio 116', 'Entidade 62');
insert into meioCombate values (116, 'Entidade 62');
insert into acciona values (116, 'Entidade 62', 124206408);
insert into meio values (117, 'Meio 117', 'Entidade 62');
insert into meioCombate values (117, 'Entidade 62');
insert into acciona values (117, 'Entidade 62', 397757919);
insert into meio values (118, 'Meio 118', 'Entidade 62');
insert into meioCombate values (118, 'Entidade 62');
insert into acciona values (118, 'Entidade 62', 200683615);
insert into meio values (119, 'Meio 119', 'Entidade 62');
insert into meioCombate values (119, 'Entidade 62');
insert into acciona values (119, 'Entidade 62', 635997867);
insert into meio values (120, 'Meio 120', 'Entidade 62');
insert into meioCombate values (120, 'Entidade 62');
insert into acciona values (120, 'Entidade 62', 348747537);
insert into meio values (121, 'Meio 121', 'Entidade 62');
insert into meioCombate values (121, 'Entidade 62');
insert into acciona values (121, 'Entidade 62', 166777657);
insert into meio values (122, 'Meio 122', 'Entidade 62');
insert into meioCombate values (122, 'Entidade 62');
insert into acciona values (122, 'Entidade 62', 450733947);
insert into meio values (123, 'Meio 123', 'Entidade 62');
insert into meioCombate values (123, 'Entidade 62');
insert into acciona values (123, 'Entidade 62', 67298573);
insert into meio values (124, 'Meio 124', 'Entidade 62');
insert into meioCombate values (124, 'Entidade 62');
insert into acciona values (124, 'Entidade 62', 364295031);
insert into meio values (125, 'Meio 125', 'Entidade 62');
insert into meioCombate values (125, 'Entidade 62');
insert into acciona values (125, 'Entidade 62', 397399200);
insert into meio values (126, 'Meio 126', 'Entidade 62');
insert into meioCombate values (126, 'Entidade 62');
insert into acciona values (126, 'Entidade 62', 408945657);
insert into meio values (127, 'Meio 127', 'Entidade 62');
insert into meioCombate values (127, 'Entidade 62');
insert into acciona values (127, 'Entidade 62', 711482593);
insert into meio values (128, 'Meio 128', 'Entidade 62');
insert into meioCombate values (128, 'Entidade 62');
insert into acciona values (128, 'Entidade 62', 523569284);
insert into meio values (129, 'Meio 129', 'Entidade 62');
insert into meioCombate values (129, 'Entidade 62');
insert into acciona values (129, 'Entidade 62', 279286595);
insert into meio values (130, 'Meio 130', 'Entidade 62');
insert into meioCombate values (130, 'Entidade 62');
insert into acciona values (130, 'Entidade 62', 348747537);
insert into meio values (131, 'Meio 131', 'Entidade 62');
insert into meioCombate values (131, 'Entidade 62');
insert into acciona values (131, 'Entidade 62', 16555157);
insert into meio values (132, 'Meio 132', 'Entidade 62');
insert into meioCombate values (132, 'Entidade 62');
insert into acciona values (132, 'Entidade 62', 866583934);
insert into meio values (133, 'Meio 133', 'Entidade 62');
insert into meioCombate values (133, 'Entidade 62');
insert into acciona values (133, 'Entidade 62', 468765121);
insert into meio values (134, 'Meio 134', 'Entidade 62');
insert into meioCombate values (134, 'Entidade 62');
insert into acciona values (134, 'Entidade 62', 802473530);
insert into meio values (135, 'Meio 135', 'Entidade 62');
insert into meioCombate values (135, 'Entidade 62');
insert into acciona values (135, 'Entidade 62', 792208270);
insert into meio values (136, 'Meio 136', 'Entidade 62');
insert into meioCombate values (136, 'Entidade 62');
insert into acciona values (136, 'Entidade 62', 397757919);
insert into meio values (137, 'Meio 137', 'Entidade 62');
insert into meioCombate values (137, 'Entidade 62');
insert into acciona values (137, 'Entidade 62', 124206408);
insert into meio values (138, 'Meio 138', 'Entidade 62');
insert into meioCombate values (138, 'Entidade 62');
insert into acciona values (138, 'Entidade 62', 279286595);
insert into meio values (139, 'Meio 139', 'Entidade 62');
insert into meioCombate values (139, 'Entidade 62');
insert into acciona values (139, 'Entidade 62', 642368004);
insert into meio values (140, 'Meio 140', 'Entidade 62');
insert into meioCombate values (140, 'Entidade 62');
insert into acciona values (140, 'Entidade 62', 1225935);
insert into meio values (141, 'Meio 141', 'Entidade 62');
insert into meioCombate values (141, 'Entidade 62');
insert into acciona values (141, 'Entidade 62', 778716833);
insert into meio values (142, 'Meio 142', 'Entidade 62');
insert into meioCombate values (142, 'Entidade 62');
insert into acciona values (142, 'Entidade 62', 809538605);
insert into meio values (143, 'Meio 143', 'Entidade 62');
insert into meioCombate values (143, 'Entidade 62');
insert into acciona values (143, 'Entidade 62', 406074082);
insert into meio values (144, 'Meio 144', 'Entidade 62');
insert into meioCombate values (144, 'Entidade 62');
insert into acciona values (144, 'Entidade 62', 181124829);
insert into meio values (145, 'Meio 145', 'Entidade 62');
insert into meioCombate values (145, 'Entidade 62');
insert into acciona values (145, 'Entidade 62', 374188075);
insert into meio values (146, 'Meio 146', 'Entidade 62');
insert into meioCombate values (146, 'Entidade 62');
insert into acciona values (146, 'Entidade 62', 857210900);
insert into meio values (147, 'Meio 147', 'Entidade 62');
insert into meioCombate values (147, 'Entidade 62');
insert into acciona values (147, 'Entidade 62', 742110647);
insert into meio values (148, 'Meio 148', 'Entidade 62');
insert into meioCombate values (148, 'Entidade 62');
insert into acciona values (148, 'Entidade 62', 113489433);
insert into meio values (149, 'Meio 149', 'Entidade 62');
insert into meioCombate values (149, 'Entidade 62');
insert into acciona values (149, 'Entidade 62', 199967829);
insert into meio values (150, 'Meio 150', 'Entidade 62');
insert into meioCombate values (150, 'Entidade 62');
insert into acciona values (150, 'Entidade 62', 382833199);
insert into meio values (151, 'Meio 151', 'Entidade 62');
insert into meioCombate values (151, 'Entidade 62');
insert into acciona values (151, 'Entidade 62', 408945657);
insert into meio values (152, 'Meio 152', 'Entidade 62');
insert into meioCombate values (152, 'Entidade 62');
insert into acciona values (152, 'Entidade 62', 492494409);
insert into meio values (153, 'Meio 153', 'Entidade 62');
insert into meioCombate values (153, 'Entidade 62');
insert into acciona values (153, 'Entidade 62', 474409965);
insert into meio values (154, 'Meio 154', 'Entidade 62');
insert into meioCombate values (154, 'Entidade 62');
insert into acciona values (154, 'Entidade 62', 771501037);
insert into meio values (155, 'Meio 155', 'Entidade 62');
insert into meioCombate values (155, 'Entidade 62');
insert into acciona values (155, 'Entidade 62', 153637049);
insert into meio values (156, 'Meio 156', 'Entidade 62');
insert into meioCombate values (156, 'Entidade 62');
insert into acciona values (156, 'Entidade 62', 413510246);
insert into meio values (157, 'Meio 157', 'Entidade 62');
insert into meioCombate values (157, 'Entidade 62');
insert into acciona values (157, 'Entidade 62', 382833199);
insert into meio values (158, 'Meio 158', 'Entidade 62');
insert into meioCombate values (158, 'Entidade 62');
insert into acciona values (158, 'Entidade 62', 449089650);
insert into meio values (159, 'Meio 159', 'Entidade 62');
insert into meioCombate values (159, 'Entidade 62');
insert into acciona values (159, 'Entidade 62', 129463186);
insert into meio values (160, 'Meio 160', 'Entidade 62');
insert into meioCombate values (160, 'Entidade 62');
insert into acciona values (160, 'Entidade 62', 948722126);
insert into meio values (161, 'Meio 161', 'Entidade 62');
insert into meioCombate values (161, 'Entidade 62');
insert into acciona values (161, 'Entidade 62', 625143324);
insert into meio values (162, 'Meio 162', 'Entidade 62');
insert into meioCombate values (162, 'Entidade 62');
insert into acciona values (162, 'Entidade 62', 153637049);
insert into meio values (163, 'Meio 163', 'Entidade 62');
insert into meioCombate values (163, 'Entidade 62');
insert into acciona values (163, 'Entidade 62', 742110647);
insert into meio values (164, 'Meio 164', 'Entidade 62');
insert into meioCombate values (164, 'Entidade 62');
insert into acciona values (164, 'Entidade 62', 258639306);
insert into meio values (165, 'Meio 165', 'Entidade 62');
insert into meioCombate values (165, 'Entidade 62');
insert into acciona values (165, 'Entidade 62', 264211739);
insert into meio values (166, 'Meio 166', 'Entidade 62');
insert into meioCombate values (166, 'Entidade 62');
insert into acciona values (166, 'Entidade 62', 520287012);
insert into meio values (167, 'Meio 167', 'Entidade 62');
insert into meioCombate values (167, 'Entidade 62');
insert into acciona values (167, 'Entidade 62', 382833199);
insert into meio values (168, 'Meio 168', 'Entidade 62');
insert into meioCombate values (168, 'Entidade 62');
insert into acciona values (168, 'Entidade 62', 200683615);
insert into meio values (169, 'Meio 169', 'Entidade 62');
insert into meioCombate values (169, 'Entidade 62');
insert into acciona values (169, 'Entidade 62', 124206408);
insert into meio values (170, 'Meio 170', 'Entidade 62');
insert into meioCombate values (170, 'Entidade 62');
insert into acciona values (170, 'Entidade 62', 449089650);
insert into meio values (171, 'Meio 171', 'Entidade 62');
insert into meioCombate values (171, 'Entidade 62');
insert into acciona values (171, 'Entidade 62', 181124829);
insert into meio values (172, 'Meio 172', 'Entidade 62');
insert into meioCombate values (172, 'Entidade 62');
insert into acciona values (172, 'Entidade 62', 474409965);
insert into meio values (173, 'Meio 173', 'Entidade 62');
insert into meioCombate values (173, 'Entidade 62');
insert into acciona values (173, 'Entidade 62', 348747537);
insert into meio values (174, 'Meio 174', 'Entidade 62');
insert into meioCombate values (174, 'Entidade 62');
insert into acciona values (174, 'Entidade 62', 520287012);
insert into meio values (175, 'Meio 175', 'Entidade 62');
insert into meioCombate values (175, 'Entidade 62');
insert into acciona values (175, 'Entidade 62', 279286595);
insert into meio values (176, 'Meio 176', 'Entidade 62');
insert into meioCombate values (176, 'Entidade 62');
insert into acciona values (176, 'Entidade 62', 575353000);
insert into meio values (177, 'Meio 177', 'Entidade 62');
insert into meioCombate values (177, 'Entidade 62');
insert into acciona values (177, 'Entidade 62', 408945657);
insert into meio values (178, 'Meio 178', 'Entidade 62');
insert into meioCombate values (178, 'Entidade 62');
insert into acciona values (178, 'Entidade 62', 246188521);
insert into meio values (179, 'Meio 179', 'Entidade 62');
insert into meioCombate values (179, 'Entidade 62');
insert into acciona values (179, 'Entidade 62', 642368004);
insert into meio values (180, 'Meio 180', 'Entidade 62');
insert into meioCombate values (180, 'Entidade 62');
insert into acciona values (180, 'Entidade 62', 374188075);
insert into meio values (181, 'Meio 181', 'Entidade 62');
insert into meioCombate values (181, 'Entidade 62');
insert into acciona values (181, 'Entidade 62', 476035741);
insert into meio values (182, 'Meio 182', 'Entidade 62');
insert into meioCombate values (182, 'Entidade 62');
insert into acciona values (182, 'Entidade 62', 611007231);
insert into meio values (183, 'Meio 183', 'Entidade 62');
insert into meioCombate values (183, 'Entidade 62');
insert into acciona values (183, 'Entidade 62', 628174817);
insert into meio values (184, 'Meio 184', 'Entidade 62');
insert into meioCombate values (184, 'Entidade 62');
insert into acciona values (184, 'Entidade 62', 886274906);
insert into meio values (185, 'Meio 185', 'Entidade 62');
insert into meioCombate values (185, 'Entidade 62');
insert into acciona values (185, 'Entidade 62', 650471126);
insert into meio values (186, 'Meio 186', 'Entidade 62');
insert into meioCombate values (186, 'Entidade 62');
insert into acciona values (186, 'Entidade 62', 258639306);
insert into meio values (187, 'Meio 187', 'Entidade 62');
insert into meioCombate values (187, 'Entidade 62');
insert into acciona values (187, 'Entidade 62', 364295031);
insert into meio values (188, 'Meio 188', 'Entidade 62');
insert into meioCombate values (188, 'Entidade 62');
insert into acciona values (188, 'Entidade 62', 348747537);
insert into meio values (189, 'Meio 189', 'Entidade 62');
insert into meioCombate values (189, 'Entidade 62');
insert into acciona values (189, 'Entidade 62', 642368004);
insert into meio values (190, 'Meio 190', 'Entidade 62');
insert into meioCombate values (190, 'Entidade 62');
insert into acciona values (190, 'Entidade 62', 778716833);
insert into meio values (191, 'Meio 191', 'Entidade 62');
insert into meioCombate values (191, 'Entidade 62');
insert into acciona values (191, 'Entidade 62', 711450624);
insert into meio values (192, 'Meio 192', 'Entidade 62');
insert into meioCombate values (192, 'Entidade 62');
insert into acciona values (192, 'Entidade 62', 619869831);
insert into meio values (193, 'Meio 193', 'Entidade 62');
insert into meioCombate values (193, 'Entidade 62');
insert into acciona values (193, 'Entidade 62', 628174817);
insert into meio values (194, 'Meio 194', 'Entidade 62');
insert into meioCombate values (194, 'Entidade 62');
insert into acciona values (194, 'Entidade 62', 364295031);
insert into meio values (195, 'Meio 195', 'Entidade 62');
insert into meioCombate values (195, 'Entidade 62');
insert into acciona values (195, 'Entidade 62', 642368004);
insert into meio values (196, 'Meio 196', 'Entidade 62');
insert into meioCombate values (196, 'Entidade 62');
insert into acciona values (196, 'Entidade 62', 96047391);
insert into meio values (197, 'Meio 197', 'Entidade 62');
insert into meioCombate values (197, 'Entidade 62');
insert into acciona values (197, 'Entidade 62', 16555157);
insert into meio values (198, 'Meio 198', 'Entidade 62');
insert into meioCombate values (198, 'Entidade 62');
insert into acciona values (198, 'Entidade 62', 1225935);
insert into meio values (199, 'Meio 199', 'Entidade 62');
insert into meioCombate values (199, 'Entidade 62');
insert into acciona values (199, 'Entidade 62', 200683615);
insert into meio values (200, 'Meio 200', 'Entidade 62');
insert into meioCombate values (200, 'Entidade 62');
insert into acciona values (200, 'Entidade 62', 342356350);
insert into meio values (201, 'Meio 201', 'Entidade 62');
insert into meioCombate values (201, 'Entidade 62');
insert into acciona values (201, 'Entidade 62', 792208270);
insert into meio values (202, 'Meio 202', 'Entidade 62');
insert into meioCombate values (202, 'Entidade 62');
insert into acciona values (202, 'Entidade 62', 1225935);
insert into meio values (203, 'Meio 203', 'Entidade 62');
insert into meioCombate values (203, 'Entidade 62');
insert into acciona values (203, 'Entidade 62', 583562911);
insert into meio values (204, 'Meio 204', 'Entidade 62');
insert into meioCombate values (204, 'Entidade 62');
insert into acciona values (204, 'Entidade 62', 356363713);
insert into meio values (205, 'Meio 205', 'Entidade 62');
insert into meioCombate values (205, 'Entidade 62');
insert into acciona values (205, 'Entidade 62', 124206408);
insert into meio values (206, 'Meio 206', 'Entidade 62');
insert into meioCombate values (206, 'Entidade 62');
insert into acciona values (206, 'Entidade 62', 909615606);
insert into meio values (207, 'Meio 207', 'Entidade 62');
insert into meioCombate values (207, 'Entidade 62');
insert into acciona values (207, 'Entidade 62', 199967829);
insert into meio values (208, 'Meio 208', 'Entidade 62');
insert into meioCombate values (208, 'Entidade 62');
insert into acciona values (208, 'Entidade 62', 482398962);
insert into meio values (209, 'Meio 209', 'Entidade 62');
insert into meioCombate values (209, 'Entidade 62');
insert into acciona values (209, 'Entidade 62', 523569284);
insert into meio values (210, 'Meio 210', 'Entidade 62');
insert into meioCombate values (210, 'Entidade 62');
insert into acciona values (210, 'Entidade 62', 654886892);
insert into meio values (211, 'Meio 211', 'Entidade 62');
insert into meioCombate values (211, 'Entidade 62');
insert into acciona values (211, 'Entidade 62', 246188521);
insert into meio values (212, 'Meio 212', 'Entidade 62');
insert into meioCombate values (212, 'Entidade 62');
insert into acciona values (212, 'Entidade 62', 596854820);
insert into meio values (213, 'Meio 213', 'Entidade 62');
insert into meioCombate values (213, 'Entidade 62');
insert into acciona values (213, 'Entidade 62', 279286595);
insert into meio values (214, 'Meio 214', 'Entidade 62');
insert into meioCombate values (214, 'Entidade 62');
insert into acciona values (214, 'Entidade 62', 583562911);
insert into meio values (215, 'Meio 215', 'Entidade 62');
insert into meioCombate values (215, 'Entidade 62');
insert into acciona values (215, 'Entidade 62', 807374152);
insert into meio values (216, 'Meio 216', 'Entidade 62');
insert into meioCombate values (216, 'Entidade 62');
insert into acciona values (216, 'Entidade 62', 281181046);
insert into meio values (217, 'Meio 217', 'Entidade 62');
insert into meioCombate values (217, 'Entidade 62');
insert into acciona values (217, 'Entidade 62', 809538605);
insert into meio values (218, 'Meio 218', 'Entidade 62');
insert into meioCombate values (218, 'Entidade 62');
insert into acciona values (218, 'Entidade 62', 628174817);
insert into meio values (219, 'Meio 219', 'Entidade 62');
insert into meioCombate values (219, 'Entidade 62');
insert into acciona values (219, 'Entidade 62', 611007231);
insert into meio values (220, 'Meio 220', 'Entidade 62');
insert into meioCombate values (220, 'Entidade 62');
insert into acciona values (220, 'Entidade 62', 281181046);
insert into meio values (221, 'Meio 221', 'Entidade 62');
insert into meioCombate values (221, 'Entidade 62');
insert into acciona values (221, 'Entidade 62', 413510246);
insert into meio values (222, 'Meio 222', 'Entidade 62');
insert into meioCombate values (222, 'Entidade 62');
insert into acciona values (222, 'Entidade 62', 153637049);
insert into meio values (223, 'Meio 223', 'Entidade 62');
insert into meioCombate values (223, 'Entidade 62');
insert into acciona values (223, 'Entidade 62', 1225935);
insert into meio values (224, 'Meio 224', 'Entidade 62');
insert into meioCombate values (224, 'Entidade 62');
insert into acciona values (224, 'Entidade 62', 771501037);
insert into meio values (225, 'Meio 225', 'Entidade 62');
insert into meioCombate values (225, 'Entidade 62');
insert into acciona values (225, 'Entidade 62', 523569284);
insert into meio values (226, 'Meio 226', 'Entidade 62');
insert into meioCombate values (226, 'Entidade 62');
insert into acciona values (226, 'Entidade 62', 583562911);
insert into meio values (227, 'Meio 227', 'Entidade 62');
insert into meioCombate values (227, 'Entidade 62');
insert into acciona values (227, 'Entidade 62', 397399200);
insert into meio values (228, 'Meio 228', 'Entidade 62');
insert into meioCombate values (228, 'Entidade 62');
insert into acciona values (228, 'Entidade 62', 279286595);
insert into meio values (229, 'Meio 229', 'Entidade 62');
insert into meioCombate values (229, 'Entidade 62');
insert into acciona values (229, 'Entidade 62', 17647147);
insert into meio values (230, 'Meio 230', 'Entidade 62');
insert into meioCombate values (230, 'Entidade 62');
insert into acciona values (230, 'Entidade 62', 374188075);
insert into meio values (231, 'Meio 231', 'Entidade 62');
insert into meioCombate values (231, 'Entidade 62');
insert into acciona values (231, 'Entidade 62', 599055160);
insert into meio values (232, 'Meio 232', 'Entidade 62');
insert into meioCombate values (232, 'Entidade 62');
insert into acciona values (232, 'Entidade 62', 619869831);
insert into meio values (233, 'Meio 233', 'Entidade 62');
insert into meioCombate values (233, 'Entidade 62');
insert into acciona values (233, 'Entidade 62', 866583934);
insert into meio values (234, 'Meio 234', 'Entidade 62');
insert into meioCombate values (234, 'Entidade 62');
insert into acciona values (234, 'Entidade 62', 650570084);
insert into meio values (235, 'Meio 235', 'Entidade 62');
insert into meioCombate values (235, 'Entidade 62');
insert into acciona values (235, 'Entidade 62', 596854820);
insert into meio values (236, 'Meio 236', 'Entidade 62');
insert into meioCombate values (236, 'Entidade 62');
insert into acciona values (236, 'Entidade 62', 523569284);
insert into meio values (237, 'Meio 237', 'Entidade 62');
insert into meioCombate values (237, 'Entidade 62');
insert into acciona values (237, 'Entidade 62', 909615606);
insert into meio values (238, 'Meio 238', 'Entidade 62');
insert into meioCombate values (238, 'Entidade 62');
insert into acciona values (238, 'Entidade 62', 63857533);
insert into meio values (239, 'Meio 239', 'Entidade 62');
insert into meioCombate values (239, 'Entidade 62');
insert into acciona values (239, 'Entidade 62', 277829237);
insert into meio values (240, 'Meio 240', 'Entidade 62');
insert into meioCombate values (240, 'Entidade 62');
insert into acciona values (240, 'Entidade 62', 692097708);
insert into meio values (241, 'Meio 241', 'Entidade 62');
insert into meioCombate values (241, 'Entidade 62');
insert into acciona values (241, 'Entidade 62', 948722126);
insert into meio values (242, 'Meio 242', 'Entidade 62');
insert into meioCombate values (242, 'Entidade 62');
insert into acciona values (242, 'Entidade 62', 258639306);
insert into meio values (243, 'Meio 243', 'Entidade 62');
insert into meioCombate values (243, 'Entidade 62');
insert into acciona values (243, 'Entidade 62', 625143324);
insert into meio values (244, 'Meio 244', 'Entidade 62');
insert into meioCombate values (244, 'Entidade 62');
insert into acciona values (244, 'Entidade 62', 382833199);
insert into meio values (245, 'Meio 245', 'Entidade 62');
insert into meioCombate values (245, 'Entidade 62');
insert into acciona values (245, 'Entidade 62', 246188521);
insert into meio values (246, 'Meio 246', 'Entidade 62');
insert into meioCombate values (246, 'Entidade 62');
insert into acciona values (246, 'Entidade 62', 17647147);
insert into meio values (247, 'Meio 247', 'Entidade 62');
insert into meioCombate values (247, 'Entidade 62');
insert into acciona values (247, 'Entidade 62', 719509170);
insert into meio values (248, 'Meio 248', 'Entidade 62');
insert into meioCombate values (248, 'Entidade 62');
insert into acciona values (248, 'Entidade 62', 474409965);
insert into meio values (249, 'Meio 249', 'Entidade 62');
insert into meioCombate values (249, 'Entidade 62');
insert into acciona values (249, 'Entidade 62', 968197264);
insert into meio values (250, 'Meio 250', 'Entidade 62');
insert into meioCombate values (250, 'Entidade 62');
insert into acciona values (250, 'Entidade 62', 397399200);
insert into meio values (251, 'Meio 251', 'Entidade 62');
insert into meioCombate values (251, 'Entidade 62');
insert into acciona values (251, 'Entidade 62', 374188075);
insert into meio values (252, 'Meio 252', 'Entidade 62');
insert into meioCombate values (252, 'Entidade 62');
insert into acciona values (252, 'Entidade 62', 802473530);
insert into meio values (253, 'Meio 253', 'Entidade 62');
insert into meioCombate values (253, 'Entidade 62');
insert into acciona values (253, 'Entidade 62', 953974546);
insert into meio values (254, 'Meio 254', 'Entidade 62');
insert into meioCombate values (254, 'Entidade 62');
insert into acciona values (254, 'Entidade 62', 809538605);
insert into meio values (255, 'Meio 255', 'Entidade 62');
insert into meioCombate values (255, 'Entidade 62');
insert into acciona values (255, 'Entidade 62', 636785259);
insert into meio values (256, 'Meio 256', 'Entidade 62');
insert into meioCombate values (256, 'Entidade 62');
insert into acciona values (256, 'Entidade 62', 140643046);
insert into meio values (257, 'Meio 257', 'Entidade 62');
insert into meioCombate values (257, 'Entidade 62');
insert into acciona values (257, 'Entidade 62', 113489433);
insert into meio values (258, 'Meio 258', 'Entidade 62');
insert into meioCombate values (258, 'Entidade 62');
insert into acciona values (258, 'Entidade 62', 719509170);
insert into meio values (259, 'Meio 259', 'Entidade 62');
insert into meioCombate values (259, 'Entidade 62');
insert into acciona values (259, 'Entidade 62', 277829237);
insert into meio values (260, 'Meio 260', 'Entidade 62');
insert into meioCombate values (260, 'Entidade 62');
insert into acciona values (260, 'Entidade 62', 140643046);
insert into meio values (261, 'Meio 261', 'Entidade 62');
insert into meioCombate values (261, 'Entidade 62');
insert into acciona values (261, 'Entidade 62', 113489433);
insert into meio values (262, 'Meio 262', 'Entidade 62');
insert into meioCombate values (262, 'Entidade 62');
insert into acciona values (262, 'Entidade 62', 46295645);
insert into meio values (263, 'Meio 263', 'Entidade 62');
insert into meioCombate values (263, 'Entidade 62');
insert into acciona values (263, 'Entidade 62', 140643046);
insert into meio values (264, 'Meio 264', 'Entidade 62');
insert into meioCombate values (264, 'Entidade 62');
insert into acciona values (264, 'Entidade 62', 1225935);
insert into meio values (265, 'Meio 265', 'Entidade 62');
insert into meioCombate values (265, 'Entidade 62');
insert into acciona values (265, 'Entidade 62', 583562911);
insert into meio values (266, 'Meio 266', 'Entidade 62');
insert into meioCombate values (266, 'Entidade 62');
insert into acciona values (266, 'Entidade 62', 682306662);
insert into meio values (267, 'Meio 267', 'Entidade 62');
insert into meioCombate values (267, 'Entidade 62');
insert into acciona values (267, 'Entidade 62', 449089650);
insert into meio values (268, 'Meio 268', 'Entidade 62');
insert into meioCombate values (268, 'Entidade 62');
insert into acciona values (268, 'Entidade 62', 166777657);
insert into meio values (269, 'Meio 269', 'Entidade 62');
insert into meioCombate values (269, 'Entidade 62');
insert into acciona values (269, 'Entidade 62', 339055383);
insert into meio values (270, 'Meio 270', 'Entidade 62');
insert into meioCombate values (270, 'Entidade 62');
insert into acciona values (270, 'Entidade 62', 711482593);
insert into meio values (271, 'Meio 271', 'Entidade 62');
insert into meioCombate values (271, 'Entidade 62');
insert into acciona values (271, 'Entidade 62', 866583934);
insert into meio values (272, 'Meio 272', 'Entidade 62');
insert into meioCombate values (272, 'Entidade 62');
insert into acciona values (272, 'Entidade 62', 121296576);
insert into meio values (273, 'Meio 273', 'Entidade 62');
insert into meioCombate values (273, 'Entidade 62');
insert into acciona values (273, 'Entidade 62', 520287012);
insert into meio values (274, 'Meio 274', 'Entidade 62');
insert into meioCombate values (274, 'Entidade 62');
insert into acciona values (274, 'Entidade 62', 16555157);
insert into meio values (275, 'Meio 275', 'Entidade 62');
insert into meioCombate values (275, 'Entidade 62');
insert into acciona values (275, 'Entidade 62', 474409965);
insert into meio values (276, 'Meio 276', 'Entidade 62');
insert into meioCombate values (276, 'Entidade 62');
insert into acciona values (276, 'Entidade 62', 625143324);
insert into meio values (277, 'Meio 277', 'Entidade 62');
insert into meioCombate values (277, 'Entidade 62');
insert into acciona values (277, 'Entidade 62', 63857533);
insert into meio values (278, 'Meio 278', 'Entidade 62');
insert into meioCombate values (278, 'Entidade 62');
insert into acciona values (278, 'Entidade 62', 642368004);
insert into meio values (279, 'Meio 279', 'Entidade 62');
insert into meioCombate values (279, 'Entidade 62');
insert into acciona values (279, 'Entidade 62', 866583934);
insert into meio values (280, 'Meio 280', 'Entidade 62');
insert into meioCombate values (280, 'Entidade 62');
insert into acciona values (280, 'Entidade 62', 650570084);
insert into meio values (281, 'Meio 281', 'Entidade 62');
insert into meioCombate values (281, 'Entidade 62');
insert into acciona values (281, 'Entidade 62', 866583934);
insert into meio values (282, 'Meio 282', 'Entidade 62');
insert into meioCombate values (282, 'Entidade 62');
insert into acciona values (282, 'Entidade 62', 857210900);
insert into meio values (283, 'Meio 283', 'Entidade 62');
insert into meioCombate values (283, 'Entidade 62');
insert into acciona values (283, 'Entidade 62', 900746480);
insert into meio values (284, 'Meio 284', 'Entidade 62');
insert into meioCombate values (284, 'Entidade 62');
insert into acciona values (284, 'Entidade 62', 129463186);
insert into meio values (285, 'Meio 285', 'Entidade 62');
insert into meioCombate values (285, 'Entidade 62');
insert into acciona values (285, 'Entidade 62', 492494409);
insert into meio values (286, 'Meio 286', 'Entidade 62');
insert into meioCombate values (286, 'Entidade 62');
insert into acciona values (286, 'Entidade 62', 562293758);
insert into meio values (287, 'Meio 287', 'Entidade 62');
insert into meioCombate values (287, 'Entidade 62');
insert into acciona values (287, 'Entidade 62', 92139318);
insert into meio values (288, 'Meio 288', 'Entidade 62');
insert into meioCombate values (288, 'Entidade 62');
insert into acciona values (288, 'Entidade 62', 356363713);
insert into meio values (289, 'Meio 289', 'Entidade 62');
insert into meioCombate values (289, 'Entidade 62');
insert into acciona values (289, 'Entidade 62', 562293758);
insert into meio values (290, 'Meio 290', 'Entidade 62');
insert into meioCombate values (290, 'Entidade 62');
insert into acciona values (290, 'Entidade 62', 667268600);
insert into meio values (291, 'Meio 291', 'Entidade 62');
insert into meioCombate values (291, 'Entidade 62');
insert into acciona values (291, 'Entidade 62', 654886892);
insert into meio values (292, 'Meio 292', 'Entidade 62');
insert into meioCombate values (292, 'Entidade 62');
insert into acciona values (292, 'Entidade 62', 711450624);
insert into meio values (293, 'Meio 293', 'Entidade 62');
insert into meioCombate values (293, 'Entidade 62');
insert into acciona values (293, 'Entidade 62', 682306662);
insert into meio values (294, 'Meio 294', 'Entidade 62');
insert into meioCombate values (294, 'Entidade 62');
insert into acciona values (294, 'Entidade 62', 628174817);
insert into meio values (295, 'Meio 295', 'Entidade 62');
insert into meioCombate values (295, 'Entidade 62');
insert into acciona values (295, 'Entidade 62', 692097708);
insert into meio values (296, 'Meio 296', 'Entidade 62');
insert into meioCombate values (296, 'Entidade 62');
insert into acciona values (296, 'Entidade 62', 719544802);
insert into meio values (297, 'Meio 297', 'Entidade 62');
insert into meioCombate values (297, 'Entidade 62');
insert into acciona values (297, 'Entidade 62', 628174817);
insert into meio values (298, 'Meio 298', 'Entidade 62');
insert into meioCombate values (298, 'Entidade 62');
insert into acciona values (298, 'Entidade 62', 771501037);
insert into meio values (299, 'Meio 299', 'Entidade 62');
insert into meioCombate values (299, 'Entidade 62');
insert into acciona values (299, 'Entidade 62', 650471126);
insert into meio values (300, 'Meio 300', 'Entidade 62');
insert into meioCombate values (300, 'Entidade 62');
insert into acciona values (300, 'Entidade 62', 397399200);
insert into meio values (301, 'Meio 301', 'Entidade 62');
insert into meioCombate values (301, 'Entidade 62');
insert into acciona values (301, 'Entidade 62', 482398962);
insert into meio values (302, 'Meio 302', 'Entidade 62');
insert into meioCombate values (302, 'Entidade 62');
insert into acciona values (302, 'Entidade 62', 399220558);
insert into meio values (303, 'Meio 303', 'Entidade 62');
insert into meioCombate values (303, 'Entidade 62');
insert into acciona values (303, 'Entidade 62', 650570084);
insert into meio values (304, 'Meio 304', 'Entidade 62');
insert into meioCombate values (304, 'Entidade 62');
insert into acciona values (304, 'Entidade 62', 67298573);
insert into meio values (305, 'Meio 305', 'Entidade 62');
insert into meioCombate values (305, 'Entidade 62');
insert into acciona values (305, 'Entidade 62', 264211739);
insert into meio values (306, 'Meio 306', 'Entidade 62');
insert into meioCombate values (306, 'Entidade 62');
insert into acciona values (306, 'Entidade 62', 619869831);
insert into meio values (307, 'Meio 307', 'Entidade 62');
insert into meioCombate values (307, 'Entidade 62');
insert into acciona values (307, 'Entidade 62', 468765121);
insert into meio values (308, 'Meio 308', 'Entidade 62');
insert into meioCombate values (308, 'Entidade 62');
insert into acciona values (308, 'Entidade 62', 476035741);
insert into meio values (309, 'Meio 309', 'Entidade 62');
insert into meioCombate values (309, 'Entidade 62');
insert into acciona values (309, 'Entidade 62', 482398962);
insert into meio values (310, 'Meio 310', 'Entidade 62');
insert into meioCombate values (310, 'Entidade 62');
insert into acciona values (310, 'Entidade 62', 4946012);
insert into meio values (311, 'Meio 311', 'Entidade 62');
insert into meioCombate values (311, 'Entidade 62');
insert into acciona values (311, 'Entidade 62', 938812192);
insert into meio values (312, 'Meio 312', 'Entidade 62');
insert into meioCombate values (312, 'Entidade 62');
insert into acciona values (312, 'Entidade 62', 692097708);
insert into meio values (313, 'Meio 313', 'Entidade 62');
insert into meioCombate values (313, 'Entidade 62');
insert into acciona values (313, 'Entidade 62', 63857533);
insert into meio values (314, 'Meio 314', 'Entidade 62');
insert into meioCombate values (314, 'Entidade 62');
insert into acciona values (314, 'Entidade 62', 408945657);
insert into meio values (315, 'Meio 315', 'Entidade 62');
insert into meioCombate values (315, 'Entidade 62');
insert into acciona values (315, 'Entidade 62', 938812192);
insert into meio values (316, 'Meio 316', 'Entidade 62');
insert into meioCombate values (316, 'Entidade 62');
insert into acciona values (316, 'Entidade 62', 886274906);
insert into meio values (317, 'Meio 317', 'Entidade 62');
insert into meioCombate values (317, 'Entidade 62');
insert into acciona values (317, 'Entidade 62', 16555157);
insert into meio values (318, 'Meio 318', 'Entidade 62');
insert into meioCombate values (318, 'Entidade 62');
insert into acciona values (318, 'Entidade 62', 264211739);
insert into meio values (319, 'Meio 319', 'Entidade 62');
insert into meioCombate values (319, 'Entidade 62');
insert into acciona values (319, 'Entidade 62', 719509170);
